model,scenario,variable,is_test,obs_mean,pred_mean,interval_width_mean,band,coverage,rmse,bias,r2,n,rmse_outlier
ACCESS-CM2,abrupt-4xCO2,hurs,True,75.0555138015747,74.90184931437174,0.908001586066352,5-95%,0.7944444444444444,0.36006600813163914,-0.15366448720296225,0.9114201657476395,1800,False
ACCESS-CM2,abrupt-4xCO2,huss,True,0.01297051240845268,0.012727378487276488,0.000844409016167951,5-95%,0.305,0.0007073094159931632,-0.00024313392117619452,0.25449608950540303,1800,False
ACCESS-CM2,abrupt-4xCO2,pr,True,4.007178867242247e-05,3.991472828703182e-05,3.999121953610383e-06,5-95%,0.935,1.066203826593208e-06,-1.5706038539065046e-07,0.13805544220312538,1800,False
ACCESS-CM2,abrupt-4xCO2,psl,True,101232.01163628472,101219.047421875,45.920321180555554,5-95%,0.7822222222222223,17.868312578635493,-12.964214409722222,0.012659344175432241,1800,False
ACCESS-CM2,abrupt-4xCO2,rsds,True,195.40096103244358,195.6537131415473,3.085866071912978,5-95%,0.9327777777777778,0.8542098903071781,0.2527521091037337,0.9520278940308348,1800,False
ACCESS-CM2,abrupt-4xCO2,sfcWind,True,6.194696320427789,6.179727534717983,0.25749918195936417,5-95%,0.8527777777777777,0.08909862798875579,-0.014968785709804948,0.1544721532132659,1800,False
ACCESS-CM2,abrupt-4xCO2,tas,True,292.78415266248913,292.3130088127984,1.2615031263563363,5-95%,0.2594444444444444,1.1375404532043942,-0.4711438496907545,0.5093982319708252,1800,False
ACCESS-CM2,abrupt-4xCO2,tasmax,True,294.49658240424264,293.8657778082954,1.1609583706325954,5-95%,0.22166666666666668,1.1919183452731847,-0.6308045959472642,0.5014327053882859,1800,False
ACCESS-CM2,abrupt-4xCO2,tasmin,True,291.0794307454427,290.5634107293023,1.319789547390408,5-95%,0.25666666666666665,1.1788280213687607,-0.5160200161404068,0.4212281907778612,1800,False
ACCESS-CM2,abrupt-4xCO2,ts,True,293.7520388624403,293.1594417656793,1.242523379855686,5-95%,0.23944444444444443,1.1820661716995324,-0.5925970967610662,0.47544708864193685,1800,False
ACCESS-CM2,hist-GHG,hurs,False,75.4074512950161,75.49086979351081,0.7802865956029464,5-95%,0.8961988304093568,0.2371584598521614,0.0834184984947041,0.9566231992740981,2052,False
ACCESS-CM2,hist-GHG,huss,False,0.009747802629362432,0.009853440099059906,0.0004990545167727491,5-95%,0.9015594541910331,0.00014021406761326473,0.00010563746969747471,0.8933629006579782,2052,False
ACCESS-CM2,hist-GHG,pr,False,3.6589419481505756e-05,3.6898458404155616e-05,2.635260494167192e-06,5-95%,0.9844054580896686,5.365725280332789e-07,3.090389226498601e-07,0.4278701854018494,2052,False
ACCESS-CM2,hist-GHG,psl,False,101196.7665882371,101195.12743283992,40.971708241959064,5-95%,1.0,5.508762888613767,-1.6391553971734893,0.9234997447227307,2052,False
ACCESS-CM2,hist-GHG,rsds,False,194.70084039044892,194.69373041193853,2.442903500086614,5-95%,0.9624756335282652,0.575147545721913,-0.007109978510387772,0.9854315020147723,2052,False
ACCESS-CM2,hist-GHG,sfcWind,False,6.2315590455982885,6.224557682319924,0.2279636455558197,5-95%,0.8630604288499025,0.07593651618920597,-0.0070013632783647965,0.39656914438819413,2052,False
ACCESS-CM2,hist-GHG,tas,False,287.4636271961948,287.5459467123824,0.7935069718091347,5-95%,0.9790448343079922,0.16881519456759256,0.08231951618752442,0.9862464072829077,2052,False
ACCESS-CM2,hist-GHG,tasmax,False,289.24703713281343,289.35845269097223,0.7870844047204334,5-95%,0.9717348927875243,0.1814704671468026,0.11141555815877124,0.9851237118185238,2052,False
ACCESS-CM2,hist-GHG,tasmin,False,285.6559465642561,285.7323313186973,0.876832184968172,5-95%,0.9936647173489279,0.17093443162715705,0.07638475444117186,0.9844368250296043,2052,False
ACCESS-CM2,hist-GHG,ts,False,288.51307804635627,288.5473450777823,0.7400626615706473,5-95%,0.9883040935672515,0.149895122012604,0.034267031426087495,0.9896082148363656,2052,False
ACCESS-CM2,hist-aer,hurs,False,75.43654932241458,75.55116427014445,0.8084624850029601,5-95%,0.8679337231968811,0.25722845905681535,0.1146149477298729,0.9498130613064857,2052,False
ACCESS-CM2,hist-aer,huss,False,0.009257228540793942,0.009294716920431285,0.000437631883130175,5-95%,0.9400584795321637,0.00011073719911293432,3.7488379637342664e-05,0.8694712973036476,2052,False
ACCESS-CM2,hist-aer,pr,False,3.576384192163789e-05,3.627793756921512e-05,2.4687782495792504e-06,5-95%,0.922514619883041,6.894777630094898e-07,5.140956475772282e-07,-0.07318120192852007,2052,False
ACCESS-CM2,hist-aer,psl,False,101193.96584886695,101197.26072124757,41.85169194688109,5-95%,0.9975633528265108,6.59736614113757,3.2948723806042883,0.8980163509229571,2052,False
ACCESS-CM2,hist-aer,rsds,False,193.2403125428317,193.34164169192547,2.542836306387918,5-95%,0.9200779727095516,0.7100678449140521,0.10132914909377935,0.9828464486816089,2052,False
ACCESS-CM2,hist-aer,sfcWind,False,6.223691801578678,6.226222856700072,0.22576022101656967,5-95%,0.8664717348927875,0.07541651630691563,0.0025310551213939447,0.401620108456093,2052,False
ACCESS-CM2,hist-aer,tas,False,286.5362145198948,286.47955594425315,0.7223634924340194,5-95%,0.9761208576998051,0.16638292729531656,-0.056658575641712186,0.9851503965301747,2052,False
ACCESS-CM2,hist-aer,tasmax,False,288.33157509251646,288.3298704210545,0.7147808409573737,5-95%,0.9853801169590644,0.15080951515365346,-0.0017046714619106907,0.9886840645261656,2052,False
ACCESS-CM2,hist-aer,tasmin,False,284.71412596228527,284.6485705310606,0.8125997175250133,5-95%,0.9756335282651072,0.17914363616871476,-0.0655554312246808,0.9806272822902492,2052,False
ACCESS-CM2,hist-aer,ts,False,287.5939640543382,287.55136835644817,0.6758385819998395,5-95%,0.9741715399610137,0.16027503893609205,-0.042595697890014425,0.9869510469858304,2052,False
ACCESS-CM2,hist-nat,hurs,False,75.4079086311147,75.50487668147096,0.7974665457742256,5-95%,0.8903508771929824,0.245220521751994,0.09696805035626446,0.9533724810642067,2052,False
ACCESS-CM2,hist-nat,huss,False,0.009466738579431627,0.009511805900606709,0.000453472924899842,5-95%,0.9512670565302144,0.00010549071633378624,4.5067321175082265e-05,0.8601657509404473,2052,False
ACCESS-CM2,hist-nat,pr,False,3.624129984100062e-05,3.654168424963623e-05,2.526000755759965e-06,5-95%,0.9814814814814815,5.230860974537799e-07,3.0038440863560563e-07,0.16894144375161613,2052,False
ACCESS-CM2,hist-nat,psl,False,101194.85085054215,101195.7955500731,40.92060337475633,5-95%,1.0,5.103843498629887,0.9446995309454191,0.9352405204476709,2052,False
ACCESS-CM2,hist-nat,rsds,False,194.56676306176138,194.45125334444103,2.4185011642485796,5-95%,0.9366471734892787,0.6606119451409679,-0.11550971732037153,0.9820781467454053,2052,False
ACCESS-CM2,hist-nat,sfcWind,False,6.232469726724235,6.224752599732918,0.2261982598499945,5-95%,0.8494152046783626,0.07634660574684614,-0.0077171269913165735,0.39917544919957426,2052,False
ACCESS-CM2,hist-nat,tas,False,286.96734141745765,286.91657117282205,0.732221621983697,5-95%,0.9805068226120858,0.1602206890693935,-0.05077024463556724,0.9852095352084757,2052,False
ACCESS-CM2,hist-nat,tasmax,False,288.760768124467,288.7490342643991,0.7286540397658905,5-95%,0.9912280701754386,0.13956794077374526,-0.011733860067920043,0.9896787270786332,2052,False
ACCESS-CM2,hist-nat,tasmin,False,285.1478058218259,285.0769760994419,0.8183606242575838,5-95%,0.982943469785575,0.1726879648546936,-0.07082972238402858,0.9804297867924698,2052,False
ACCESS-CM2,hist-nat,ts,False,288.02611864472925,287.9510202389247,0.6791303459896203,5-95%,0.9692982456140351,0.15508423096736598,-0.07509840580454842,0.9869271378979512,2052,False
ACCESS-CM2,historical,hurs,False,75.42811271590416,75.55124803793551,0.7919116049101859,5-95%,0.8636363636363636,0.25980592696175664,0.12313532203134864,0.9483337312203354,1980,False
ACCESS-CM2,historical,huss,False,0.009692467788159045,0.0096367445021792,0.00047230428470430245,5-95%,0.9580808080808081,0.00011824290746786898,-5.5723285979845445e-05,0.863240432875728,1980,False
ACCESS-CM2,historical,pr,False,3.642592108540938e-05,3.646735958774125e-05,2.5623698772937812e-06,5-95%,0.9914141414141414,4.95527410274445e-07,4.143850233187114e-08,0.2497830168336197,1980,False
ACCESS-CM2,historical,psl,False,101196.7370028409,101194.43670691288,41.46526199494949,5-95%,1.0,5.992692434060567,-2.300295928030303,0.9103753234119203,1980,False
ACCESS-CM2,historical,rsds,False,193.47396606291184,193.41220030351118,2.5703810104215994,5-95%,0.9409090909090909,0.6963919471997038,-0.061765759400644785,0.9822502155181242,1980,False
ACCESS-CM2,historical,sfcWind,False,6.217351006979894,6.224416464747804,0.22746942862115724,5-95%,0.8671717171717171,0.07582778749371236,0.007065457767910438,0.3392711293079672,1980,False
ACCESS-CM2,historical,tas,False,287.3700632114603,287.1326508801393,0.7649923305318806,5-95%,0.7919191919191919,0.29532130046138155,-0.23741233132102127,0.9518757646338453,1980,False
ACCESS-CM2,historical,tasmax,False,289.1393884986338,288.9545538699988,0.7594952515881485,5-95%,0.852020202020202,0.25428907394921296,-0.18483462863498074,0.9668576910677394,1980,False
ACCESS-CM2,historical,tasmin,False,285.57881582240867,285.3378222532947,0.8487811464251895,5-95%,0.8116161616161616,0.3034175189950246,-0.2409935691139898,0.9431194241542304,1980,False
ACCESS-CM2,historical,ts,False,288.4179603807854,288.1707670115461,0.7123573842674803,5-95%,0.7217171717171718,0.303679201070624,-0.2471933692392668,0.9516295740285894,1980,False
ACCESS-CM2,ssp126,hurs,False,75.38215854556061,75.41842918987422,0.7623927463856779,5-95%,0.8837209302325582,0.23801420761952954,0.03627064431360526,0.9553916100368282,1032,False
ACCESS-CM2,ssp126,huss,False,0.010763502318787433,0.01078478517931296,0.0006016062152059372,5-95%,0.9786821705426356,0.0001351377115217973,2.1282860525529262e-05,0.8910303714833294,1032,False
ACCESS-CM2,ssp126,pr,False,3.79464085685762e-05,3.7934123378532644e-05,3.0316264624267458e-06,5-95%,0.998062015503876,5.131038111586785e-07,-1.2285190043554118e-08,0.5005034008107273,1032,False
ACCESS-CM2,ssp126,psl,False,101205.21178536821,101199.64255541425,42.581743580426355,5-95%,0.9951550387596899,7.954566039428682,-5.569229953972868,0.8037802570167581,1032,False
ACCESS-CM2,ssp126,rsds,False,194.62033977064976,194.28058547382207,2.658356511315634,5-95%,0.9205426356589147,0.7510602765953214,-0.33975429682768277,0.9744366658621443,1032,False
ACCESS-CM2,ssp126,sfcWind,False,6.214713996232942,6.222714574762093,0.23625092081321303,5-95%,0.873062015503876,0.0786776089884958,0.008000578529150938,0.28144099748235785,1032,False
ACCESS-CM2,ssp126,tas,False,289.29061939919643,289.18306820891627,0.9273205247036242,5-95%,0.9496124031007752,0.23848834263324376,-0.10755119028017304,0.9674788182220154,1032,False
ACCESS-CM2,ssp126,tasmax,False,291.0232612255008,290.93096852857013,0.899892762649891,5-95%,0.9467054263565892,0.23260692404011438,-0.09229269693063986,0.9718635924798223,1032,False
ACCESS-CM2,ssp126,tasmin,False,287.5445168665213,287.441413524539,0.9951053885526435,5-95%,0.9525193798449613,0.24450669104843745,-0.10310334198234535,0.9609388669567452,1032,False
ACCESS-CM2,ssp126,ts,False,290.30878803341886,290.1178731400837,0.8823290388713514,5-95%,0.875,0.28801984493084937,-0.1909148933351498,0.9546765540547393,1032,False
ACCESS-CM2,ssp370,hurs,False,75.46419186555138,75.41279597615086,0.817671768425047,5-95%,0.9069767441860465,0.24306228386228249,-0.05139588940051175,0.9499018528886052,1032,False
ACCESS-CM2,ssp370,huss,False,0.011108972989528051,0.011293712959177164,0.0006319245236904116,5-95%,0.8565891472868217,0.00022012500584106065,0.0001847399696491131,0.9224293146579097,1032,False
ACCESS-CM2,ssp370,pr,False,3.7790829142878897e-05,3.8093327658816985e-05,3.3927091207324126e-06,5-95%,0.997093023255814,5.248400849895309e-07,3.0249851593809087e-07,0.7059503961710969,1032,False
ACCESS-CM2,ssp370,psl,False,101208.93095930232,101201.2972232316,45.762362221414726,5-95%,0.9922480620155039,9.667851564848489,-7.633736070736434,0.7215975985383454,1032,False
ACCESS-CM2,ssp370,rsds,False,192.32008860092753,192.6984462738037,2.8846335152322933,5-95%,0.9496124031007752,0.7333376885253629,0.378357672876168,0.9774727195311972,1032,False
ACCESS-CM2,ssp370,sfcWind,False,6.218122505864431,6.2081854805465815,0.24327309602914854,5-95%,0.8653100775193798,0.0813721272525761,-0.00993702531785004,0.29974426676882593,1032,False
ACCESS-CM2,ssp370,tas,False,289.77735137939453,289.9595358205396,0.9595492754795752,5-95%,0.9593023255813954,0.25112727959397335,0.1821844411450772,0.9780810304955342,1032,False
ACCESS-CM2,ssp370,tasmax,False,291.50357277448785,291.6555962082027,0.9152962440668161,5-95%,0.9631782945736435,0.2212784715241778,0.15202343371487537,0.9838603199877929,1032,False
ACCESS-CM2,ssp370,tasmin,False,288.0480762452118,288.24968790453534,1.0265751328579216,5-95%,0.9680232558139535,0.2646356789443295,0.20161165932352312,0.9740667502579752,1032,False
ACCESS-CM2,ssp370,ts,False,290.76248325673185,290.90025577988735,0.9273430284603634,5-95%,0.9777131782945736,0.2192877204827567,0.13777252315550956,0.983385250846147,1032,False
ACCESS-CM2,ssp585,hurs,True,75.35554522137309,75.28252077472303,0.8492119515589042,5-95%,0.8575581395348837,0.28931860254904734,-0.0730244466500689,0.936134298635745,1032,False
ACCESS-CM2,ssp585,huss,True,0.011684933784706543,0.011730467938536429,0.0006735634389008547,5-95%,0.9874031007751938,0.00014547912966813488,4.553415382988762e-05,0.9825901083455707,1032,False
ACCESS-CM2,ssp585,pr,True,3.856553200964208e-05,3.872321712708438e-05,3.578271939342051e-06,5-95%,0.999031007751938,4.817973210958424e-07,1.576851174423053e-07,0.8534251885374275,1032,False
ACCESS-CM2,ssp585,psl,True,101216.58490794574,101207.95276919816,45.8833499878876,5-95%,0.9689922480620154,11.472655376211948,-8.63213874757752,0.695116964399351,1032,False
ACCESS-CM2,ssp585,rsds,True,193.5446346489958,193.47543278775473,2.957810320595439,5-95%,0.9777131782945736,0.6316265686988797,-0.069201861241066,0.9816169602895315,1032,False
ACCESS-CM2,ssp585,sfcWind,True,6.2004478684691495,6.2004049087679665,0.24796079156934753,5-95%,0.8808139534883721,0.08011744217764168,-4.2959701183228653e-05,0.28540994095773586,1032,False
ACCESS-CM2,ssp585,tas,True,290.6929202116737,290.65332838546396,1.0190318499424655,5-95%,0.9796511627906976,0.20428504660380356,-0.03959182620972488,0.9902232177579295,1032,False
ACCESS-CM2,ssp585,tasmax,True,292.40734608968097,292.31266988709916,0.9626015655754138,5-95%,0.9796511627906976,0.20075095025129439,-0.09467620258183332,0.9908616396896985,1032,False
ACCESS-CM2,ssp585,tasmin,True,288.977639752765,288.9220020382903,1.0885101140931606,5-95%,0.9932170542635659,0.1946143484462615,-0.05563771447469818,0.9908071941034569,1032,False
ACCESS-CM2,ssp585,ts,True,291.676784130954,291.5698040215544,0.9963037949199822,5-95%,0.9689922480620154,0.21845460989474244,-0.10698010939960118,0.9887967088722108,1032,False
ACCESS-ESM1-5,abrupt-4xCO2,hurs,True,76.77940607706705,76.73325441148546,0.9065226533677843,5-95%,0.8727777777777778,0.2937696502432438,-0.04615166558159722,0.9170351166348799,1800,False
ACCESS-ESM1-5,abrupt-4xCO2,huss,True,0.012963433606653528,0.01295029270048766,0.0008018472273316632,5-95%,0.6155555555555555,0.0005023420490599037,-1.3140906165871695e-05,0.5566204252241915,1800,False
ACCESS-ESM1-5,abrupt-4xCO2,pr,True,3.93905547207396e-05,4.0176038597160695e-05,3.868977316111947e-06,5-95%,0.8683333333333333,1.1611835127645083e-06,7.854838764210905e-07,-0.4341959346472546,1800,False
ACCESS-ESM1-5,abrupt-4xCO2,psl,True,101193.90341145833,101188.075,47.21951822916667,5-95%,0.8005555555555556,18.985197839892447,-5.828411458333333,-0.26655633777312193,1800,False
ACCESS-ESM1-5,abrupt-4xCO2,rsds,True,195.31533853318956,196.44934128655328,3.1029809909396713,5-95%,0.7244444444444444,1.4041451212056162,1.1340027533637174,0.925492300560216,1800,False
ACCESS-ESM1-5,abrupt-4xCO2,sfcWind,True,6.1628465143839515,6.130080332756043,0.259539393319024,5-95%,0.8394444444444444,0.09260492432853955,-0.032766181627909334,0.40311964952342405,1800,False
ACCESS-ESM1-5,abrupt-4xCO2,tas,True,292.2796821255154,292.3115028720432,1.1711555650499135,5-95%,0.5755555555555556,0.8176395833741636,0.03182074652777914,0.7066314816672554,1800,False
ACCESS-ESM1-5,abrupt-4xCO2,tasmax,True,293.99728000217016,293.89357854207356,1.0943973456488718,5-95%,0.5111111111111111,0.8047389272814579,-0.10370146009656966,0.7401989020905899,1800,False
ACCESS-ESM1-5,abrupt-4xCO2,tasmin,True,290.647765367296,290.61685753716364,1.2248907979329418,5-95%,0.5611111111111111,0.8355613519867041,-0.03090783013237759,0.6564963513634727,1800,False
ACCESS-ESM1-5,abrupt-4xCO2,ts,True,293.0870437452528,293.05872399224177,1.1626377020941843,5-95%,0.5527777777777778,0.8148767555013798,-0.02831975301106657,0.7236565713195386,1800,False
ACCESS-ESM1-5,hist-GHG,hurs,False,77.19519206190202,77.26688799198143,0.7738124743307311,5-95%,0.898635477582846,0.23093092274735105,0.07169593007940996,0.9440350788742535,2052,False
ACCESS-ESM1-5,hist-GHG,huss,False,0.01041590065067197,0.010361881525442682,0.0004798569067492056,5-95%,0.9844054580896686,0.00010584504602966505,-5.4019125229288527e-05,0.9509433005085126,2052,False
ACCESS-ESM1-5,hist-GHG,pr,False,3.751061964602463e-05,3.762424095225957e-05,2.5617924642021363e-06,5-95%,0.9951267056530214,4.038249172558599e-07,1.1362130623494621e-07,0.6940040854224963,2052,False
ACCESS-ESM1-5,hist-GHG,psl,False,101187.22983674463,101184.6487611172,41.20027716861598,5-95%,0.9917153996101364,8.7745026293938,-2.5810756274366473,0.7974256272174842,2052,False
ACCESS-ESM1-5,hist-GHG,rsds,False,197.0296053821348,196.98837476585342,2.5568298875239863,5-95%,0.9454191033138402,0.675290929830184,-0.041230616281370334,0.9865613900323796,2052,False
ACCESS-ESM1-5,hist-GHG,sfcWind,False,6.201794159807425,6.190861452857421,0.23113313497390897,5-95%,0.8859649122807017,0.07198791746708585,-0.010932706950003637,0.4010049068094774,2052,False
ACCESS-ESM1-5,hist-GHG,tas,False,288.1363708763792,288.1090015909593,0.7383101167734601,5-95%,0.9883040935672515,0.1560013187625918,-0.027369285419901898,0.9881744212976706,2052,False
ACCESS-ESM1-5,hist-GHG,tasmax,False,289.88745133546826,289.837882936117,0.7446046200876817,5-95%,0.9848927875243665,0.16200564371186807,-0.04956839935124122,0.9880843438631597,2052,False
ACCESS-ESM1-5,hist-GHG,tasmin,False,286.456880699589,286.3830847043043,0.8165188170315923,5-95%,0.9722222222222222,0.17731836473449575,-0.07379599528470594,0.982993309175785,2052,False
ACCESS-ESM1-5,hist-GHG,ts,False,288.9922921996832,288.9167402538872,0.697930839791399,5-95%,0.949317738791423,0.1751990886192253,-0.07555194579602115,0.9860921815335064,2052,False
ACCESS-ESM1-5,hist-aer,hurs,False,77.25807051630746,77.33171134338974,0.7907619513498645,5-95%,0.9103313840155945,0.22591470423982432,0.07364082708228634,0.9463249647138671,2052,False
ACCESS-ESM1-5,hist-aer,huss,False,0.009916631707315217,0.009866595951763984,0.0004324110662364932,5-95%,0.9580896686159844,0.0001127298380224871,-5.003575555123273e-05,0.9107296068363169,2052,False
ACCESS-ESM1-5,hist-aer,pr,False,3.6833069133736236e-05,3.714529167078744e-05,2.4204909508799604e-06,5-95%,0.9668615984405458,5.00994462112707e-07,3.122225370512028e-07,0.5102555243064228,2052,False
ACCESS-ESM1-5,hist-aer,psl,False,101182.79656661184,101190.17420885112,42.22755619517544,5-95%,0.9712475633528265,10.737089663474633,7.377642239278752,0.7411393925148463,2052,False
ACCESS-ESM1-5,hist-aer,rsds,False,195.94585760759796,196.0891489322655,2.6198604204501335,5-95%,0.9186159844054581,0.745660846908425,0.14329132466753322,0.9858598987702463,2052,False
ACCESS-ESM1-5,hist-aer,sfcWind,False,6.188103747646711,6.197102605018467,0.22894538122775726,5-95%,0.8757309941520468,0.0732863675716966,0.008998857371755991,0.3478804703035021,2052,False
ACCESS-ESM1-5,hist-aer,tas,False,287.2841359783567,287.1858444065146,0.6888002094469571,5-95%,0.9239766081871345,0.20199864578227014,-0.09829157184206591,0.9793068237718414,2052,False
ACCESS-ESM1-5,hist-aer,tasmax,False,289.0327970419246,288.93233086955945,0.6900316651104484,5-95%,0.9230019493177388,0.19980524559342805,-0.1004661723651838,0.9810664100291685,2052,False
ACCESS-ESM1-5,hist-aer,tasmin,False,285.6050452962954,285.44651827152245,0.7738762273658317,5-95%,0.8703703703703703,0.2437829537319941,-0.1585270247728955,0.9663277512848315,2052,False
ACCESS-ESM1-5,hist-aer,ts,False,288.15186196786385,288.0375997234739,0.6497987892195501,5-95%,0.8542884990253411,0.2133658597718954,-0.11426224438999937,0.9785988200073632,2052,False
ACCESS-ESM1-5,hist-nat,hurs,False,77.20171974509316,77.28764390480681,0.7857423525804664,5-95%,0.895224171539961,0.23404530231327392,0.08592415971365588,0.9433004479912468,2052,False
ACCESS-ESM1-5,hist-nat,huss,False,0.010121551601009188,0.010056183061636862,0.0004442809984726978,5-95%,0.9629629629629629,0.00011555795232419604,-6.536853937232572e-05,0.9017173859679304,2052,False
ACCESS-ESM1-5,hist-nat,pr,False,3.724541094666529e-05,3.7353429004965714e-05,2.4827348411333527e-06,5-95%,0.9907407407407407,4.044665069615563e-07,1.080180583004322e-07,0.6446673281900317,2052,False
ACCESS-ESM1-5,hist-nat,psl,False,101185.63772767421,101187.2838313231,41.38712993421053,5-95%,0.996588693957115,7.911782548568108,1.6461036488791423,0.8448805599132818,2052,False
ACCESS-ESM1-5,hist-nat,rsds,False,197.1476217347976,196.9731952600312,2.5073216979266606,5-95%,0.9186159844054581,0.7298012292524731,-0.17442647476642278,0.9849424023949938,2052,False
ACCESS-ESM1-5,hist-nat,sfcWind,False,6.196464735164977,6.194229354867693,0.2297494613636307,5-95%,0.9030214424951267,0.07043810082385722,-0.0022353802972834287,0.3994860727904854,2052,False
ACCESS-ESM1-5,hist-nat,tas,False,287.6595038847152,287.5584556624206,0.6889905278910434,5-95%,0.9283625730994152,0.19592703944484086,-0.10104822229455916,0.979506847698055,2052,False
ACCESS-ESM1-5,hist-nat,tasmax,False,289.41562616894817,289.29517639636066,0.694246154547203,5-95%,0.9171539961013645,0.20567011329466361,-0.12044977258752786,0.9790559275902694,2052,False
ACCESS-ESM1-5,hist-nat,tasmin,False,285.97473413716517,285.81037824009826,0.7727421096890994,5-95%,0.8888888888888888,0.2387710630671343,-0.16435589706688475,0.9656559122064864,2052,False
ACCESS-ESM1-5,hist-nat,ts,False,288.52566126773235,288.3835776256539,0.6473726268864987,5-95%,0.8567251461988304,0.21832424954332416,-0.14208364207842075,0.9765214768559648,2052,False
ACCESS-ESM1-5,historical,hurs,False,77.21184359078455,77.32286820459848,0.7800656135636147,5-95%,0.896969696969697,0.2350714454019905,0.11102461381392045,0.9391441129523032,1980,False
ACCESS-ESM1-5,historical,huss,False,0.010192958992727128,0.010171819550709543,0.00045793312225453245,5-95%,0.9858585858585859,9.369070934938947e-05,-2.113944201758564e-05,0.9402315494197815,1980,False
ACCESS-ESM1-5,historical,pr,False,3.710405267110668e-05,3.7229866520095985e-05,2.5029329837633843e-06,5-95%,0.9873737373737373,4.50571517377656e-07,1.258138489893007e-07,0.5315692275257671,1980,False
ACCESS-ESM1-5,historical,psl,False,101183.30964725379,101185.41486347854,41.75033143939394,5-95%,0.9964646464646465,7.651784291127777,2.105216224747475,0.8570184241640465,1980,False
ACCESS-ESM1-5,historical,rsds,False,195.90239142215614,195.9183906709305,2.6736005840879504,5-95%,0.9378787878787879,0.6995028910669966,0.01599924877436645,0.9873268015595095,1980,False
ACCESS-ESM1-5,historical,sfcWind,False,6.19363161193,6.191126107206248,0.22998313084997313,5-95%,0.8934343434343435,0.07138946881275918,-0.0025055047237511766,0.3852342808297071,1980,False
ACCESS-ESM1-5,historical,tas,False,287.76928798791135,287.7553813433406,0.7162921635791507,5-95%,0.9797979797979798,0.14956387511500557,-0.013906644570705434,0.9880560946106509,1980,False
ACCESS-ESM1-5,historical,tasmax,False,289.50765937265726,289.48730441006745,0.7213429306492659,5-95%,0.9782828282828283,0.1527158385934306,-0.02035496258976297,0.9883815355271527,1980,False
ACCESS-ESM1-5,historical,tasmin,False,286.0972223917643,286.04722518150254,0.7961334536773995,5-95%,0.9737373737373738,0.1677779344510426,-0.04999721026179692,0.9831408598795157,1980,False
ACCESS-ESM1-5,historical,ts,False,288.6305186878551,288.589937059807,0.6766653041646933,5-95%,0.9555555555555556,0.16040494127441052,-0.040581628048057365,0.9872966748325734,1980,False
ACCESS-ESM1-5,ssp126,hurs,False,77.09522344899732,77.17265086210975,0.7714500427246094,5-95%,0.8837209302325582,0.23823523106467248,0.07742741311243338,0.936146734188734,1032,False
ACCESS-ESM1-5,ssp126,huss,False,0.01118150437629755,0.011187186263422182,0.000569391349518252,5-95%,0.9777131782945736,0.0001223761829164603,5.6818871246290965e-06,0.9318249636465326,1032,False
ACCESS-ESM1-5,ssp126,pr,False,3.8152571396353745e-05,3.8424460163069016e-05,2.944520227794938e-06,5-95%,0.9951550387596899,4.818111953482363e-07,2.7188876671527047e-07,0.5501145878854756,1032,False
ACCESS-ESM1-5,ssp126,psl,False,101185.96560834545,101183.62837633236,42.54582273498062,5-95%,0.9903100775193798,9.970758379530045,-2.3372320130813953,0.645873138214922,1032,False
ACCESS-ESM1-5,ssp126,rsds,False,196.19359937564346,196.0034662882487,2.767825459325038,5-95%,0.9496124031007752,0.6932314077942592,-0.19013308739477155,0.9852987758423125,1032,False
ACCESS-ESM1-5,ssp126,sfcWind,False,6.1873517558556195,6.18112052688303,0.23887468631877457,5-95%,0.8914728682170543,0.07499672054927238,-0.006231228972590229,0.48888271216160717,1032,False
ACCESS-ESM1-5,ssp126,tas,False,289.4353746517684,289.5328283383865,0.8537202583726988,5-95%,0.9767441860465116,0.2002186709109426,0.09745368661806642,0.9770722689310944,1032,False
ACCESS-ESM1-5,ssp126,tasmax,False,291.1596433358599,291.2338340522707,0.8392962670141413,5-95%,0.9874031007751938,0.18126312770133024,0.07419071641079303,0.9829489839231149,1032,False
ACCESS-ESM1-5,ssp126,tasmin,False,287.7798476403998,287.86554836302764,0.9190941744072479,5-95%,0.9825581395348837,0.201685502545652,0.0857007226278626,0.9731443154810108,1032,False
ACCESS-ESM1-5,ssp126,ts,False,290.27490361531574,290.31641899522884,0.8207619541375211,5-95%,0.9777131782945736,0.18031082590250175,0.04151537991309604,0.9827857721325396,1032,False
ACCESS-ESM1-5,ssp370,hurs,False,77.06654844357986,77.18154501360516,0.8199422525805097,5-95%,0.876937984496124,0.25388575303763494,0.11499657002530357,0.9313540345378895,1032,False
ACCESS-ESM1-5,ssp370,huss,False,0.011708457920837433,0.011659545734589655,0.0006018370424231254,5-95%,0.9573643410852714,0.00014930222488189368,-4.8912186247778595e-05,0.9667134735194386,1032,False
ACCESS-ESM1-5,ssp370,pr,False,3.824937911226451e-05,3.8514745670387454e-05,3.3016065311292817e-06,5-95%,0.998062015503876,5.021374370063006e-07,2.653665581229414e-07,0.6578050516603513,1032,False
ACCESS-ESM1-5,ssp370,psl,False,101188.2132691376,101181.11516624273,46.01483012354651,5-95%,0.9244186046511628,13.666653992114552,-7.098102894864341,0.3495993914689294,1032,False
ACCESS-ESM1-5,ssp370,rsds,False,194.24438049257265,194.28719999623854,2.9458699780841218,5-95%,0.9660852713178295,0.6690139490958236,0.04281950366589698,0.9863599936047979,1032,False
ACCESS-ESM1-5,ssp370,sfcWind,False,6.179823961368827,6.163065367890883,0.24596033170241718,5-95%,0.8808139534883721,0.07718288924752466,-0.01675859347794405,0.4257303996345604,1032,False
ACCESS-ESM1-5,ssp370,tas,False,290.2513455235681,290.2342071533203,0.8865149446236064,5-95%,0.9844961240310077,0.17875802847624306,-0.017138370247773024,0.9886795095800422,1032,False
ACCESS-ESM1-5,ssp370,tasmax,False,291.9531710720802,291.9055138521416,0.8581120099208149,5-95%,0.9777131782945736,0.18390821460444967,-0.04765721993852856,0.988712581957593,1032,False
ACCESS-ESM1-5,ssp370,tasmin,False,288.6189490621404,288.5855612052504,0.9541041056315102,5-95%,0.9864341085271318,0.18622851170729238,-0.03338785689006298,0.9867029898685139,1032,False
ACCESS-ESM1-5,ssp370,ts,False,291.0764452320661,291.0343880764274,0.8688300081001695,5-95%,0.9835271317829457,0.18379957494820948,-0.04205715563870144,0.9884802726668086,1032,False
ACCESS-ESM1-5,ssp585,hurs,True,76.9735855945321,77.07566051335297,0.8508078848668771,5-95%,0.9031007751937985,0.2580886164489777,0.10207491882087648,0.9279181842130957,1032,False
ACCESS-ESM1-5,ssp585,huss,True,0.011909921960399777,0.012052651626498267,0.0006434636365607856,5-95%,0.7877906976744186,0.0002871690573304273,0.00014272966609849065,0.9053282231084138,1032,False
ACCESS-ESM1-5,ssp585,pr,True,3.8463637817705404e-05,3.9097853078961043e-05,3.481810561128822e-06,5-95%,0.9777131782945736,8.21279108638731e-07,6.342152612556364e-07,0.1528140993029905,1032,False
ACCESS-ESM1-5,ssp585,psl,True,101188.94042211724,101184.07321947675,46.43456274224806,5-95%,0.9428294573643411,13.647336337084699,-4.867202640503876,0.2825733486467523,1032,False
ACCESS-ESM1-5,ssp585,rsds,True,194.8201228592747,194.83587781033773,3.0176844190257466,5-95%,0.9583333333333334,0.7266737049708745,0.015754951063054363,0.9832671203451164,1032,False
ACCESS-ESM1-5,ssp585,sfcWind,True,6.182879127273264,6.154763246229453,0.24977203579836113,5-95%,0.8672480620155039,0.08287185852099861,-0.028115881043811165,0.3988025082126738,1032,False
ACCESS-ESM1-5,ssp585,tas,True,290.5862618971241,290.84393626959746,0.9493076708889755,5-95%,0.7781007751937985,0.4231454154101595,0.2576743724734304,0.9440284632057027,1032,False
ACCESS-ESM1-5,ssp585,tasmax,True,292.29239403184994,292.4945962299672,0.9062359536340998,5-95%,0.8333333333333334,0.3484076937113588,0.20220219811727977,0.9640898753775765,1032,False
ACCESS-ESM1-5,ssp585,tasmin,True,288.9523662892423,289.17239989051524,1.0153791146684983,5-95%,0.8624031007751938,0.3742090780983559,0.22003360127293847,0.9530810292379007,1032,False
ACCESS-ESM1-5,ssp585,ts,True,291.41045879393585,291.6314745466839,0.93875855438469,5-95%,0.7945736434108527,0.4014885649858239,0.22101575274800317,0.9510786327332202,1032,False
CESM2,hist-GHG,hurs,False,77.36783496130629,77.46379903003889,0.9217750572365937,5-95%,0.9486404833836858,0.23526624268026955,0.095964068732593,0.9292114798277014,1986,False
CESM2,hist-GHG,huss,False,0.010241556163757149,0.010247352188368622,0.000538597792698388,5-95%,0.9617321248741189,0.0001269475350281694,5.796024611469142e-06,0.9228390816426205,1986,False
CESM2,hist-GHG,pr,False,3.425693569982974e-05,3.408801539724623e-05,3.5996895381000947e-06,5-95%,0.9964753272910373,5.953848192654212e-07,-1.6892030258350683e-07,0.5167741486574235,1986,False
CESM2,hist-GHG,psl,False,101130.4569722432,101126.11260070493,53.63953140735146,5-95%,0.9939577039274925,11.637434768890477,-4.344371538267875,0.5025790995180495,1986,False
CESM2,hist-GHG,rsds,False,189.0524698278575,189.0165599888305,2.906775767469455,5-95%,0.8212487411883183,1.1227259548470978,-0.035909839026996446,0.9703496673569225,1986,False
CESM2,hist-GHG,sfcWind,False,6.429105000673584,6.423828980233614,0.2588189548596155,5-95%,0.8967774420946626,0.0785337889103823,-0.005276020439970049,0.5695046213884152,1986,False
CESM2,hist-GHG,tas,False,287.58593175298375,287.5379998859202,0.8118406144033617,5-95%,0.9511581067472307,0.20379617078662216,-0.047931867063585036,0.9776028024923742,1986,False
CESM2,hist-GHG,tasmax,False,292.6933789671008,292.38998612848536,0.7715683828547879,5-95%,0.6369587109768379,0.3809476054158963,-0.30339283861542377,0.9189113355261964,1986,False
CESM2,hist-GHG,tasmin,False,282.67650005728575,282.8309711560022,0.9240555162996439,5-95%,0.865055387713998,0.312631108351798,0.154471098716407,0.9533023588149526,1986,False
CESM2,hist-GHG,ts,False,288.7253831016333,288.77441767359306,0.7107679630214232,5-95%,0.9133937562940584,0.20837482428561346,0.04903457195977473,0.9773158259289312,1986,False
CESM2,hist-aer,hurs,False,77.2832514714713,77.37498589717981,0.9037633337155737,5-95%,0.954040404040404,0.22288685730932067,0.09173442570850103,0.9339523987482277,1980,False
CESM2,hist-aer,huss,False,0.009845906818718272,0.00977171199311582,0.00047864872501278844,5-95%,0.9338383838383838,0.00013469390771527157,-7.419482560245053e-05,0.8705625541653873,1980,False
CESM2,hist-aer,pr,False,3.375309057225946e-05,3.367294412792126e-05,3.479593639591864e-06,5-95%,0.9959595959595959,6.045217685384186e-07,-8.014644433819509e-08,0.4563913257736897,1980,False
CESM2,hist-aer,psl,False,101123.19227035985,101127.07780145202,54.7053069760101,5-95%,0.9691919191919192,11.265660605708822,3.885531092171717,0.5524855125120698,1980,False
CESM2,hist-aer,rsds,False,188.13451536544645,188.28881476816505,2.9167284955882065,5-95%,0.7621212121212121,1.2316673395042008,0.15429940271859366,0.9661130494427852,1980,False
CESM2,hist-aer,sfcWind,False,6.441879159031492,6.444989169246019,0.2529335602365359,5-95%,0.895959595959596,0.07832805779555185,0.003110010214526261,0.5060881652756335,1980,False
CESM2,hist-aer,tas,False,286.9264688973475,286.64697194725574,0.745996016685408,5-95%,0.704040404040404,0.3370343123827007,-0.27949695009173636,0.932292264467308,1980,False
CESM2,hist-aer,tasmax,False,292.04867972942316,291.47541872274996,0.7234786370787956,5-95%,0.1383838383838384,0.609581351223781,-0.5732610066731759,0.7682539379365496,1980,False
CESM2,hist-aer,tasmin,False,281.9641655661843,281.9710817587496,0.8601664995906332,5-95%,0.9101010101010101,0.2548685267889965,0.0069161925653031175,0.9665604676316333,1980,False
CESM2,hist-aer,ts,False,288.07574969975633,288.02516161986074,0.6602847783252451,5-95%,0.9212121212121213,0.18736208876646024,-0.050588079895635046,0.9798557143834887,1980,False
CESM2,hist-nat,hurs,False,77.31729290894788,77.3947401836665,0.9157135780411537,5-95%,0.9555555555555556,0.22071318923105332,0.07744727471862177,0.9355087007877763,1980,False
CESM2,hist-nat,huss,False,0.009991960596255536,0.009956346960230258,0.0004969426120320956,5-95%,0.9691919191919192,0.00011548997591538822,-3.561363602527502e-05,0.9038147308783371,1980,False
CESM2,hist-nat,pr,False,3.405817209421351e-05,3.3829713707617505e-05,3.524505582115098e-06,5-95%,0.9964646464646465,6.221258926816139e-07,-2.284583865960053e-07,0.42151341139617315,1980,False
CESM2,hist-nat,psl,False,101125.76325757576,101123.58784327652,54.479150883838386,5-95%,0.9974747474747475,10.300441958492645,-2.175414299242424,0.6028889855953469,1980,False
CESM2,hist-nat,rsds,False,189.37200428355823,189.14857170027915,2.8174758602874457,5-95%,0.7813131313131313,1.1375987199650461,-0.22343258327907872,0.9703215650384426,1980,False
CESM2,hist-nat,sfcWind,False,6.440610483198455,6.434390513102214,0.2550971958372328,5-95%,0.8888888888888888,0.0798531785357149,-0.006219970096241344,0.57073861223028,1980,False
CESM2,hist-nat,tas,False,287.16921189433396,287.0046996607925,0.751553529681581,5-95%,0.8868686868686869,0.24023917341820553,-0.16451223354146877,0.965959239516784,1980,False
CESM2,hist-nat,tasmax,False,291.8259293373185,291.8573129981455,0.7230762211963383,5-95%,0.28434343434343434,1.0328060200188922,0.031383660827021036,0.35611110568873006,1980,False
CESM2,hist-nat,tasmin,False,281.85501585681027,282.2838995577109,0.8686616531526204,5-95%,0.7272727272727273,1.0451247032873805,0.4288837009006075,0.35715480590082715,1980,False
CESM2,hist-nat,ts,False,288.3156379314384,288.3187758628768,0.6598926582721752,5-95%,0.9267676767676768,0.18645079001694345,0.003137931438408259,0.9803124121800405,1980,False
CESM2,historical,hurs,False,77.41552831861708,77.50658068801417,0.9157322970303622,5-95%,0.9222222222222223,0.2554088770229685,0.09105236939709596,0.9067140135399906,1980,False
CESM2,historical,huss,False,0.010033975188347529,0.010084309264302505,0.0005186637576594188,5-95%,0.9656565656565657,0.00011713064145379764,5.033407595497724e-05,0.9170066016501646,1980,False
CESM2,historical,pr,False,3.37221188179095e-05,3.379755459966625e-05,3.5429913228341833e-06,5-95%,0.996969696969697,6.091813668449041e-07,7.543578175674992e-08,0.4181754641102744,1980,False
CESM2,historical,psl,False,101127.22512626262,101128.0229955808,53.3850220959596,5-95%,0.9808080808080808,10.509066470627317,0.7978693181818182,0.5635136691082491,1980,False
CESM2,historical,rsds,False,186.88137966888118,187.9061638032547,3.0277328491210938,5-95%,0.6545454545454545,1.580946312887032,1.0247841343735222,0.9436355660417401,1980,False
CESM2,historical,sfcWind,False,6.434071758058336,6.433633027654706,0.25593100123935275,5-95%,0.8898989898989899,0.08004203719245967,-0.000438730403630402,0.5215687241714696,1980,False
CESM2,historical,tas,False,287.18551718971946,287.23955910422586,0.7947119510535036,5-95%,0.9691919191919192,0.1808645876235592,0.05404191450639397,0.980980589335436,1980,False
CESM2,historical,tasmax,False,287.18551718971946,292.0639323224925,0.7580465451635492,5-95%,0.0,4.882470376896352,4.8784151327730445,-12.860190669529759,1980,False
CESM2,historical,tasmin,False,287.18551718971946,282.5858395971433,0.9090991858280062,5-95%,0.0,4.603343291695508,-4.599677592576151,-11.320737292383402,1980,False
CESM2,historical,ts,False,288.3208297267105,288.5216454708215,0.6962433631974044,5-95%,0.7757575757575758,0.27229928758159844,0.2008157441110329,0.9582307366738385,1980,False
CESM2,ssp126,hurs,False,77.47872461274613,77.59221709051798,0.9520203568214594,5-95%,0.8546511627906976,0.31727137763889174,0.11349247777184775,0.871084920688156,1032,False
CESM2,ssp126,huss,False,0.011203179857874054,0.0111457768524455,0.0006474748681580964,5-95%,0.9689922480620154,0.00015692034835705846,-5.7403005428554097e-05,0.8932289678114762,1032,False
CESM2,ssp126,pr,False,3.512728879695362e-05,3.510044413371022e-05,3.879039588157817e-06,5-95%,0.999031007751938,6.573987972292869e-07,-2.6844663243396117e-08,0.4895027605199693,1032,False
CESM2,ssp126,psl,False,101149.26881207607,101142.24031764777,50.95597141472868,5-95%,0.9622093023255814,13.212127574165882,-7.028494428294573,-0.030258064115168404,1032,False
CESM2,ssp126,rsds,False,187.799077898957,187.37920904529187,3.283218383789062,5-95%,0.8042635658914729,1.244764746347419,-0.4198688536651364,0.961258016585805,1032,False
CESM2,ssp126,sfcWind,False,6.408329396746879,6.402893947538479,0.2688238731650419,5-95%,0.8672480620155039,0.0867337713308274,-0.005435449208400033,0.5120764318857811,1032,False
CESM2,ssp126,tas,False,289.18300649362016,289.13568283790767,0.9773010135621063,5-95%,0.9941860465116279,0.19502957767748397,-0.04732365571250997,0.977034875074694,1032,False
CESM2,ssp126,tasmax,False,294.16911700344826,293.92359906573625,0.9044554362925449,5-95%,0.8158914728682171,0.3406774854742853,-0.2455179377119659,0.9326044733317709,1032,False
CESM2,ssp126,tasmin,False,284.44328867002974,284.5273221038109,1.0593131605044817,5-95%,0.9651162790697675,0.25792638602717155,0.08403343378111638,0.9630893272683378,1032,False
CESM2,ssp126,ts,False,290.30798824813013,290.141913687536,0.8787460031435465,5-95%,0.9234496124031008,0.25660331216592364,-0.1660745605941871,0.9607217760415996,1032,False
CESM2,ssp370,hurs,False,77.58638455146966,77.64700840794762,1.0326101909312166,5-95%,0.8546511627906976,0.33880223751234567,0.06062385647795921,0.8569791840712192,1032,False
CESM2,ssp370,huss,False,0.011642866608210204,0.011675278759965727,0.0006872240495470937,5-95%,0.9573643410852714,0.00017416662612123048,3.2412151755521094e-05,0.955032680724887,1032,False
CESM2,ssp370,pr,False,3.4929505951128186e-05,3.5569083903360724e-05,4.2856986722252385e-06,5-95%,0.9515503875968992,9.714842252859973e-07,6.395779522325367e-07,0.025489534146069026,1032,False
CESM2,ssp370,psl,False,101158.54010719477,101144.30449067344,52.55074339874031,5-95%,0.7877906976744186,20.037530071894167,-14.23561652131783,-0.19980339966635263,1032,False
CESM2,ssp370,rsds,False,184.63147280197734,185.1342564368433,3.57854408441588,5-95%,0.8294573643410853,1.3333482624932096,0.5027836348659307,0.9596856760899317,1032,False
CESM2,ssp370,sfcWind,False,6.387127911397653,6.398109219332998,0.2769561460775922,5-95%,0.8905038759689923,0.08518231336456968,0.010981307935345084,0.5492822343737036,1032,False
CESM2,ssp370,tas,False,289.81578838732815,289.9638631658037,1.0390208931856382,5-95%,0.9341085271317829,0.29161129948765874,0.14807477847550388,0.9665003365075608,1032,False
CESM2,ssp370,tasmax,False,294.76348421555156,294.68920176897865,0.9471083944158046,5-95%,0.8672480620155039,0.3040373824389056,-0.07428244657294512,0.9643290427999354,1032,False
CESM2,ssp370,tasmin,False,285.1411032270091,285.4039789244186,1.108042428659839,5-95%,0.9011627906976745,0.3495071577839936,0.2628756974094615,0.9570719468775756,1032,False
CESM2,ssp370,ts,False,290.917902658152,290.89184635369355,0.9590616743693989,5-95%,0.9767441860465116,0.20077830122341175,-0.026056304458499054,0.983916797982407,1032,False
CESM2,ssp585,hurs,True,77.52417536299357,77.4899133637894,1.0838553702184397,5-95%,0.8333333333333334,0.40306236232805237,-0.03426199920417727,0.8005296221172097,1032,False
CESM2,ssp585,huss,True,0.012091730366634199,0.01208819643785638,0.0007304427296991705,5-95%,0.9825581395348837,0.00016020745703538802,-3.533928777819506e-06,0.9799354636534758,1032,False
CESM2,ssp585,pr,True,3.554140679160239e-05,3.621449130771153e-05,4.426425844982543e-06,5-95%,0.9699612403100775,1.0017566507173592e-06,6.730845161091424e-07,0.3025190316687131,1032,False
CESM2,ssp585,psl,True,101167.17522105135,101149.1695736434,53.07608860222868,5-95%,0.7034883720930233,27.071222383111206,-18.005647407945737,-0.26851783682802965,1032,False
CESM2,ssp585,rsds,True,186.1836918971335,185.4798046673915,3.676810966905697,5-95%,0.7160852713178295,1.643471943247595,-0.7038872297420044,0.9328027931156982,1032,False
CESM2,ssp585,sfcWind,True,6.3940343510272895,6.385108660357867,0.28006422242452933,5-95%,0.8992248062015504,0.0870326018953578,-0.00892569066942201,0.5372277654336561,1032,False
CESM2,ssp585,tas,True,290.5279373937799,290.62062185124836,1.1125608932140256,5-95%,0.9534883720930233,0.2846386921886987,0.09268445746843343,0.9785464831281628,1032,False
CESM2,ssp585,tasmax,True,295.42729748866356,295.33082619009093,1.0153948465983076,5-95%,0.8672480620155039,0.3201899249612678,-0.09647129857262784,0.9733425206184455,1032,False
CESM2,ssp585,tasmin,True,285.92162861195646,286.0262362753698,1.166945257852244,5-95%,0.9767441860465116,0.25754432036108027,0.10460766341335238,0.9841993975378303,1032,False
CESM2,ssp585,ts,True,291.6275838511859,291.4878106523854,1.0366144697795538,5-95%,0.9593023255813954,0.253140082964543,-0.13977319880049263,0.982715147403797,1032,False
CESM2-WACCM,historical,hurs,False,77.41552831861708,77.70580539896031,0.8146249713319721,5-95%,0.6934343434343434,0.36293713885301243,0.2902770803432272,0.8116319440551991,1980,False
CESM2-WACCM,historical,huss,False,0.010033975188347529,0.010223281268745311,0.0004760669492599048,5-95%,0.5994949494949495,0.0002196314562733795,0.00018930608039778295,0.7081957673035031,1980,False
CESM2-WACCM,historical,pr,False,3.37221188179095e-05,3.452304541001054e-05,2.4511967083783775e-06,5-95%,0.6797979797979798,1.0160036191792313e-06,8.00926592101042e-07,-0.6184128562338886,1980,False
CESM2-WACCM,historical,psl,False,101127.22512626262,101143.60830965909,43.001171875,5-95%,0.6838383838383838,19.368092182229418,16.383183396464645,-0.4825728977714856,1980,False
CESM2-WACCM,historical,rsds,False,186.88137966888118,186.87854674368194,2.65079986109878,5-95%,0.6944444444444444,1.268365381654076,-0.0028329251992563124,0.963720635924039,1980,False
CESM2-WACCM,historical,sfcWind,False,6.434071758058336,6.376581426100297,0.2247063099735915,5-95%,0.7348484848484849,0.09708292122170867,-0.057490331958038626,0.2961680672238036,1980,False
CESM2-WACCM,historical,tas,False,287.18551718971946,287.2627246124576,0.7418161257348879,5-95%,0.9282828282828283,0.19904909984356656,0.07720742273812517,0.9769638230112778,1980,False
CESM2-WACCM,historical,tasmax,False,287.18551718971946,287.35410239479756,0.7275882297092017,5-95%,0.8161616161616162,0.2748224072683693,0.16858520507812658,0.9560868845437143,1980,False
CESM2-WACCM,historical,tasmin,False,287.18551718971946,287.02023967396127,0.8392281734582148,5-95%,0.8944444444444445,0.2530059626962264,-0.16527751575816538,0.9627821326438332,1980,False
CESM2-WACCM,historical,ts,False,288.3208297267105,288.2668042423749,0.7577437275587913,5-95%,0.9656565656565657,0.18045694418169325,-0.05402548433554138,0.9816552835524834,1980,False
CESM2-WACCM,ssp126,hurs,False,77.51688265214887,77.46996092545359,0.7912564662464878,5-95%,0.8687134502923977,0.2587339473967968,-0.046921726695278235,0.9167321838677395,3420,False
CESM2-WACCM,ssp126,huss,False,0.011276123349211667,0.011357079674244661,0.0006034703440528505,5-95%,0.8257309941520468,0.0002125521997599673,8.095632503299347e-05,0.7468495324428106,3420,False
CESM2-WACCM,ssp126,pr,False,3.520849291625812e-05,3.572841690195764e-05,2.783337785921615e-06,5-95%,0.7885964912280702,1.004103921316576e-06,5.19923985699513e-07,-0.3393440555844651,3420,False
CESM2-WACCM,ssp126,psl,False,101153.05376461988,101125.5783625731,42.2593841374269,5-95%,0.26169590643274854,29.166998915077777,-27.475402046783625,-3.517244588605588,3420,False
CESM2-WACCM,ssp126,rsds,False,187.7666019952785,187.7335259688528,2.6619428177326045,5-95%,0.7353801169590644,1.1779669110619442,-0.03307602642572323,0.9606941879302278,3420,False
CESM2-WACCM,ssp126,sfcWind,False,6.372119669468082,6.391071606240077,0.23081933950123035,5-95%,0.8347953216374269,0.08425215156699063,0.018951936771995158,0.47388251417175487,3420,False
CESM2-WACCM,ssp126,tas,False,289.2204115036635,289.1572787368507,0.8914799472741914,5-95%,0.9216374269005848,0.2514030663755909,-0.06313276681286385,0.9630328230533197,3420,False
CESM2-WACCM,ssp126,tasmax,False,288.86622684768764,289.01788151612755,0.8476926480120386,5-95%,0.5619883040935673,1.020547489572765,0.15165466843989883,0.3423440004480103,3420,False
CESM2-WACCM,ssp126,tasmin,False,288.86622684768764,289.08423950016845,0.9801205462182477,5-95%,0.6584795321637427,1.0349728284105888,0.21801265248081134,0.3236207974489985,3420,False
CESM2-WACCM,ssp126,ts,False,290.3425972475643,290.2959742674353,0.9288065949378652,5-95%,0.9114035087719298,0.27130291368164183,-0.04662298012895031,0.9578131439390397,3420,False
CESM2-WACCM,ssp585,hurs,True,77.84407720733107,77.00760193094176,0.9870378059253359,5-95%,0.32105263157894737,1.0372815648071407,-0.8364752763893172,0.10458075842608316,3420,True
CESM2-WACCM,ssp585,huss,True,0.016290410612137905,0.015385108329464594,0.0008587867212182247,5-95%,0.28771929824561404,0.0015849702583341867,-0.0009053022826733126,0.7636579390865044,3420,True
CESM2-WACCM,ssp585,pr,True,3.861524383593637e-05,3.911925003577428e-05,4.434582416246623e-06,5-95%,0.7283625730994152,1.6577280164113861e-06,5.040061998379157e-07,0.6098967045708352,3420,False
CESM2-WACCM,ssp585,psl,True,101271.57724552265,101095.27093156068,53.77318165204678,5-95%,0.08801169590643275,204.3093037761285,-176.3063139619883,-5.362427353971514,3420,True
CESM2-WACCM,ssp585,rsds,True,184.90010702568188,186.78722905387656,3.6987315440038486,5-95%,0.5318713450292397,2.4443162645298555,1.8871220281946741,0.7895374432839597,3420,True
CESM2-WACCM,ssp585,sfcWind,True,6.165502562020954,6.2818070427018995,0.26833380635021725,5-95%,0.5660818713450292,0.18522791040356895,0.11630448068094533,0.29947517746832664,3420,True
CESM2-WACCM,ssp585,tas,True,295.7585519712571,294.82040579277174,1.2155334740354302,5-95%,0.42719298245614035,1.5683334039558248,-0.938146178485356,0.8560736890190082,3420,False
CESM2-WACCM,ssp585,tasmax,True,296.2547051591483,293.92582916795163,1.0301789222404971,5-95%,0.08157894736842106,2.8105870415540646,-2.32887599119666,0.2970484470720781,3420,True
CESM2-WACCM,ssp585,tasmin,True,296.2547051591483,294.84251989175004,1.3148453561883227,5-95%,0.23421052631578948,2.081462897179572,-1.4121852673982318,0.6144606922760254,3420,True
CESM2-WACCM,ssp585,ts,True,296.7852336593539,296.37292419790526,1.2795500727424844,5-95%,0.39415204678362575,1.1829885677053875,-0.41230946144862374,0.9162129080076572,3420,False
CanESM5,abrupt-2xCO2,hurs,False,85.24890084160698,85.28573369344076,1.0360486263699002,5-95%,0.9472222222222222,0.2604517111827908,0.03683285183376736,0.9074014352160129,1800,False
CanESM5,abrupt-2xCO2,huss,False,0.012885159294948758,0.012811468195480555,0.0007717352065568166,5-95%,0.7761111111111111,0.00034528784830942813,-7.369109946820456e-05,0.6061474004109717,1800,False
CanESM5,abrupt-2xCO2,pr,False,3.487061605887397e-05,3.4652877792622246e-05,3.1434252074783825e-06,5-95%,0.985,6.13736359184443e-07,-2.1773826625172255e-07,0.521518774579943,1800,False
CanESM5,abrupt-2xCO2,psl,False,101107.01086371527,101119.1408984375,47.73241319444445,5-95%,0.8438888888888889,16.248283895011117,12.130034722222222,0.6257665182451607,1800,False
CanESM5,abrupt-2xCO2,rsds,False,190.1948951212565,190.00552118937173,3.455352486504448,5-95%,0.9244444444444444,0.9608078853066115,-0.18937393188476467,0.9637625813302392,1800,False
CanESM5,abrupt-2xCO2,sfcWind,False,6.425125403139326,6.431155444780986,0.25836797528796723,5-95%,0.9211111111111111,0.0732671818753056,0.006030041641659216,-0.03459705462932572,1800,False
CanESM5,abrupt-2xCO2,tas,False,289.5355506896973,289.38836224026153,1.1304892306857632,5-95%,0.7211111111111111,0.5571937193342994,-0.1471884494357631,0.8333921086258165,1800,False
CanESM5,abrupt-2xCO2,tasmax,False,291.6174520365397,291.46379942152237,1.1075854831271703,5-95%,0.7155555555555555,0.5400183366410725,-0.15365261501736047,0.8468821784607338,1800,False
CanESM5,abrupt-2xCO2,tasmin,False,287.58943929036457,287.4138550143772,1.1791718377007367,5-95%,0.7111111111111111,0.5816075254544024,-0.17558427598741252,0.8176232769961165,1800,False
CanESM5,abrupt-2xCO2,ts,False,289.8133966573079,289.7242178175184,1.1349028184678815,5-95%,0.7544444444444445,0.5410227612064169,-0.0891788397894959,0.8532688132882049,1800,False
CanESM5,abrupt-4xCO2,hurs,True,84.75735295108349,84.5832438816298,1.325591455758539,5-95%,0.9144591611479028,0.3838491611368425,-0.17410906945369628,0.8619610723657705,1812,False
CanESM5,abrupt-4xCO2,huss,True,0.015740655435076467,0.015089972569169245,0.0010763128554329255,5-95%,0.22571743929359822,0.001125053658832405,-0.0006506828659072225,-0.005719873509350659,1812,True
CanESM5,abrupt-4xCO2,pr,True,3.727697817470005e-05,3.6934527748844004e-05,4.177904476706663e-06,5-95%,0.9359823399558499,1.1815062600140613e-06,-3.4245042585604374e-07,0.15373296308955808,1812,False
CanESM5,abrupt-4xCO2,psl,True,101059.06819122516,101103.11556205161,57.236875689845476,5-95%,0.15507726269315672,46.76016354283353,44.04737082643488,-1.7604155770164112,1812,True
CanESM5,abrupt-4xCO2,rsds,True,187.4791943716424,187.96006536589027,3.978229337443841,5-95%,0.7753863134657837,1.6380860946028528,0.48087099424787483,0.8447744329718538,1812,False
CanESM5,abrupt-4xCO2,sfcWind,True,6.353715530820766,6.368320789031898,0.28364577119713585,5-95%,0.8929359823399559,0.08530548782259828,0.014605258211131667,-0.0078048147708438265,1812,False
CanESM5,abrupt-4xCO2,tas,True,293.48330038378043,292.787385026877,1.5158646269876177,5-95%,0.28421633554083886,1.4074413085892077,-0.6959153569034119,0.3720498215552931,1812,False
CanESM5,abrupt-4xCO2,tasmax,True,295.45041262392965,294.7227942527788,1.4263626334419839,5-95%,0.25551876379690946,1.3847047915777624,-0.7276183711508771,0.402119041702525,1812,False
CanESM5,abrupt-4xCO2,tasmin,True,291.656906532136,290.8419491765778,1.5728018889100879,5-95%,0.2571743929359823,1.5051252430378719,-0.8149573555582132,0.27985672444728604,1812,False
CanESM5,abrupt-4xCO2,ts,True,293.71073194423786,293.1830465388351,1.5197846705287235,5-95%,0.3217439293598234,1.3222532164951395,-0.527685405402782,0.45431546086826213,1812,False
CanESM5,hist-GHG,hurs,False,85.53683790686534,85.62828762954206,0.906389106319197,5-95%,0.928849902534113,0.24503101334944402,0.09144972267671403,0.9145020857747245,2052,False
CanESM5,hist-GHG,huss,False,0.011521918394604602,0.011502130323345587,0.0006130824272192236,5-95%,0.9961013645224172,9.847729362321522e-05,-1.9788071259014973e-05,0.9681302130412377,2052,False
CanESM5,hist-GHG,pr,False,3.34641281281196e-05,3.352108640215538e-05,2.6761746416489057e-06,5-95%,0.9975633528265108,3.5553942388484936e-07,5.6958274035778176e-08,0.8281455450771582,2052,False
CanESM5,hist-GHG,psl,False,101136.20527990985,101133.20738151803,46.44187073586745,5-95%,0.9980506822612085,7.814167866861313,-2.9978983918128654,0.921747553321659,2052,False
CanESM5,hist-GHG,rsds,False,191.58580669975652,191.70277447914287,3.172301495051988,5-95%,0.9473684210526315,0.8267110667315074,0.11696777938634785,0.9755721299087422,2052,False
CanESM5,hist-GHG,sfcWind,False,6.451704066631622,6.453009064202188,0.24624031561392326,5-95%,0.9327485380116959,0.06610642768918515,0.0013049975705658175,0.09314116151311458,2052,False
CanESM5,hist-GHG,tas,False,287.2747805113913,287.2143014829758,0.9101677610163106,5-95%,0.9892787524366472,0.16993936154557543,-0.0604790284154927,0.9879321532511108,2052,False
CanESM5,hist-GHG,tasmax,False,289.41742112901477,289.3432160464876,0.9206595913476184,5-95%,0.9873294346978557,0.17451546694839754,-0.0742050825271442,0.987119992143013,2052,False
CanESM5,hist-GHG,tasmin,False,285.259505452236,285.18272139640345,0.9610647904245473,5-95%,0.9892787524366472,0.18106364414418763,-0.07678405583253226,0.9866109985711509,2052,False
CanESM5,hist-GHG,ts,False,287.584853010568,287.5060385839749,0.8943137155871188,5-95%,0.9761208576998051,0.1855989705178514,-0.07881442659314734,0.9867399931836311,2052,False
CanESM5,hist-aer,hurs,False,85.59225269414296,85.68513057106419,0.8661098963568318,5-95%,0.9244639376218323,0.24599675906910107,0.0928778769212392,0.9117430426746697,2052,False
CanESM5,hist-aer,huss,False,0.010896834929257611,0.010805860262538384,0.0005350536126716022,5-95%,0.9634502923976608,0.00014442567035841938,-9.097466671922883e-05,0.8423732646328678,2052,False
CanESM5,hist-aer,pr,False,3.254171905987464e-05,3.274697749672099e-05,2.5115019289606372e-06,5-95%,0.9839181286549707,4.4347124535729835e-07,2.0525843684635761e-07,0.6959441127617957,2052,False
CanESM5,hist-aer,psl,False,101149.77298062865,101148.93989857456,46.564262761939574,5-95%,1.0,6.835836643818789,-0.8330820540935673,0.9366038204478634,2052,False
CanESM5,hist-aer,rsds,False,190.94418015210485,191.27320376985486,3.1936243217126195,5-95%,0.8903508771929824,1.0332024500339596,0.32902361775002503,0.967693307831818,2052,False
CanESM5,hist-aer,sfcWind,False,6.449244389292325,6.463190492830779,0.2391546097879986,5-95%,0.9234892787524367,0.06708861908370894,0.013946103538453694,0.12753282022263024,2052,False
CanESM5,hist-aer,tas,False,286.14356179637053,286.03213428103203,0.8165550306294166,5-95%,0.9230019493177388,0.23936506176964076,-0.11142751533850212,0.9742105786566351,2052,False
CanESM5,hist-aer,tasmax,False,288.3220111779999,288.17119306895233,0.8307639674136524,5-95%,0.902046783625731,0.2539958652798769,-0.15081810904757384,0.9703232311322939,2052,False
CanESM5,hist-aer,tasmin,False,284.0860914263809,283.9856933980425,0.8769677889044987,5-95%,0.9147173489278753,0.25218203936795347,-0.10039802833839596,0.9721330878677388,2052,False
CanESM5,hist-aer,ts,False,286.45825138798466,286.3382670233357,0.7943906430844903,5-95%,0.8581871345029239,0.2647305184046271,-0.11998436464900779,0.9716907156651966,2052,False
CanESM5,hist-nat,hurs,False,85.5908732609442,85.66093624776799,0.8789591501098395,5-95%,0.9351851851851852,0.2363137795269626,0.07006298682378281,0.9200460774975852,2052,False
CanESM5,hist-nat,huss,False,0.011111077034235911,0.011071369979171066,0.0005553102485661271,5-95%,0.9902534113060428,0.00010805555146933559,-3.970705506484413e-05,0.9009796583240006,2052,False
CanESM5,hist-nat,pr,False,3.303068301532489e-05,3.312450614304542e-05,2.575250912388661e-06,5-95%,0.9970760233918129,3.7815784561527103e-07,9.382312772053492e-08,0.7269945130125925,2052,False
CanESM5,hist-nat,psl,False,101144.79906798246,101141.16012579191,46.55491593567251,5-95%,0.9990253411306043,7.374034445196047,-3.638942190545809,0.9236948355357446,2052,False
CanESM5,hist-nat,rsds,False,192.06845018412866,192.10423962925842,3.05717651932328,5-95%,0.919103313840156,0.872566456115012,0.035789445129753954,0.9730225898572715,2052,False
CanESM5,hist-nat,sfcWind,False,6.456954267289904,6.459575413728086,0.24176651343964695,5-95%,0.9181286549707602,0.06824414662112512,0.0026211464381822184,0.1201297031739681,2052,False
CanESM5,hist-nat,tas,False,286.57309282685816,286.4877783792061,0.8265540437159239,5-95%,0.9688109161793372,0.1948850374966086,-0.08531444765206135,0.9808579756656897,2052,False
CanESM5,hist-nat,tasmax,False,288.7382217466715,288.6240840264928,0.8415605571070147,5-95%,0.9580896686159844,0.2070664371994232,-0.11413772017867366,0.9782012008942405,2052,False
CanESM5,hist-nat,tasmin,False,284.5314638610007,284.4336172776845,0.8824785912943163,5-95%,0.9639376218323586,0.20422665357165934,-0.09784658331619922,0.9793079078911011,2052,False
CanESM5,hist-nat,ts,False,286.89265952008043,286.77687114395826,0.8028633013570979,5-95%,0.935672514619883,0.21653230426448156,-0.11578837612218916,0.9788844246523015,2052,False
CanESM5,historical,hurs,False,85.560205548219,85.70440494652951,0.8833053280608822,5-95%,0.8898989898989899,0.27581241769813397,0.14419939831049755,0.8866256313410739,1980,False
CanESM5,historical,huss,False,0.01135489742478558,0.01124749543672103,0.0005842583197535871,5-95%,0.9484848484848485,0.00015684161596014808,-0.0001074019880645495,0.8630166696877665,1980,False
CanESM5,historical,pr,False,3.3060315274839254e-05,3.29732744141824e-05,2.6135754818126156e-06,5-95%,0.9984848484848485,4.0707996052562786e-07,-8.704086065685109e-08,0.6716258362636176,1980,False
CanESM5,historical,psl,False,101140.04931739268,101136.90442313763,46.48966224747475,5-95%,0.996969696969697,7.468308715759102,-3.144894255050505,0.9230849289230421,1980,False
CanESM5,historical,rsds,False,190.5453958068231,190.63230902931906,3.3245904402299367,5-95%,0.9282828282828283,0.9424388970127964,0.08691322249595688,0.9731741748667828,1980,False
CanESM5,historical,sfcWind,False,6.464087647861905,6.453090712518403,0.24324514938123298,5-95%,0.9303030303030303,0.06750957941343244,-0.01099693534350154,0.13074477627001435,1980,False
CanESM5,historical,tas,False,286.9514635953036,286.7953116985282,0.8822029499092485,5-95%,0.9318181818181818,0.24592529027806398,-0.15615189677536914,0.9713022521810388,1980,False
CanESM5,historical,tasmax,False,289.1087470314719,288.9254418729532,0.8966740463719225,5-95%,0.9176767676767676,0.2619768226545982,-0.18330515851878032,0.9670417390361232,1980,False
CanESM5,historical,tasmin,False,284.9226352267795,284.7746959493618,0.9371471983013729,5-95%,0.9343434343434344,0.2468555613379221,-0.1479392774177306,0.9717288678084494,1980,False
CanESM5,historical,ts,False,287.25705578736586,287.1004527698864,0.8614726365214653,5-95%,0.908080808080808,0.25377531791472646,-0.15660301747948138,0.972232578397192,1980,False
CanESM5,ssp119,hurs,False,85.37013277896615,85.46647499882897,0.9957283227018607,5-95%,0.9331395348837209,0.25989193477805317,0.09634221986282704,0.8971603460482662,1032,False
CanESM5,ssp119,huss,False,0.012508915702075931,0.012516510027619535,0.0007297931195691546,5-95%,0.9854651162790697,0.00012997993612671096,7.594325543604522e-06,0.9132320572504655,1032,False
CanESM5,ssp119,pr,False,3.441461259460838e-05,3.4345261536695625e-05,3.0110481401247537e-06,5-95%,1.0,3.761746033801166e-07,-6.935105791275723e-08,0.7868570633809508,1032,False
CanESM5,ssp119,psl,False,101114.54584544574,101119.8578458091,47.00109768653101,5-95%,0.9835271317829457,9.892487022987943,5.312000363372093,0.8576400466952079,1032,False
CanESM5,ssp119,rsds,False,189.79975691507028,189.7486004644586,3.5041312136391345,5-95%,0.937015503875969,0.967137587628392,-0.051156450611674426,0.9685641747354369,1032,False
CanESM5,ssp119,sfcWind,False,6.47137158323628,6.434509519920793,0.2559257288311803,5-95%,0.8905038759689923,0.07957230556208711,-0.03686206331548764,-0.200501360217469,1032,False
CanESM5,ssp119,tas,False,288.9592944891878,288.90236699303915,1.0764593671458644,5-95%,0.9699612403100775,0.20595978345253646,-0.056927496148633,0.9746266284786739,1032,False
CanESM5,ssp119,tasmax,False,291.06237852111343,290.9959121230961,1.062691178432731,5-95%,0.9748062015503876,0.20442938298460733,-0.06646639801734948,0.9754915202288779,1032,False
CanESM5,ssp119,tasmin,False,286.99974021615907,286.9261521627737,1.1232793645341257,5-95%,0.9718992248062015,0.20634695447736287,-0.07358805338541573,0.9745010065976379,1032,False
CanESM5,ssp119,ts,False,289.2494370807973,289.2238685253055,1.0753947413244913,5-95%,0.9806201550387597,0.19120393431678545,-0.025568555491838334,0.979906991498031,1032,False
CanESM5,ssp126,hurs,False,85.32194868723552,85.41275585529417,1.0226948686348376,5-95%,0.9408914728682171,0.27003522200573116,0.09080716805864675,0.8854227750384692,1032,False
CanESM5,ssp126,huss,False,0.012711509553239048,0.012675279695468424,0.0007476317687248897,5-95%,0.9738372093023255,0.00014893222446342618,-3.622985777062403e-05,0.9030150411868438,1032,False
CanESM5,ssp126,pr,False,3.456059078085363e-05,3.4506618531011116e-05,3.0780070965404374e-06,5-95%,0.999031007751938,3.7739268598608973e-07,-5.397224984250879e-08,0.8014221588313735,1032,False
CanESM5,ssp126,psl,False,101110.31615643168,101119.83957879119,47.7600835755814,5-95%,0.936046511627907,12.693266885730264,9.523422359496124,0.762538337047374,1032,False
CanESM5,ssp126,rsds,False,189.4031912633615,189.36479373310888,3.539140287295792,5-95%,0.9496124031007752,0.9626167204003505,-0.03839753025261763,0.9687248398581553,1032,False
CanESM5,ssp126,sfcWind,False,6.465635337570841,6.432689445425374,0.2578781653744306,5-95%,0.9186046511627907,0.07499175370258326,-0.03294589214546737,-0.15682493528873853,1032,False
CanESM5,ssp126,tas,False,289.279151029365,289.15839323886604,1.0974591868792385,5-95%,0.9563953488372093,0.24736389124385094,-0.12075779049895442,0.9640497601031528,1032,False
CanESM5,ssp126,tasmax,False,291.37224735585295,291.245397316393,1.0774421691894531,5-95%,0.9534883720930233,0.2469163002453412,-0.1268500394599369,0.964984581009413,1032,False
CanESM5,ssp126,tasmin,False,287.3298862664274,287.1879742940267,1.1434959589048859,5-95%,0.9573643410852714,0.2534085972515571,-0.14191197240075262,0.9620837994491189,1032,False
CanESM5,ssp126,ts,False,289.56421306521395,289.49018933791524,1.1005567210589269,5-95%,0.9660852713178295,0.22026178801744475,-0.07402372729870552,0.9736636057604571,1032,False
CanESM5,ssp370,hurs,False,85.22055370123812,85.35376963504525,1.1151122011879617,5-95%,0.9166666666666666,0.3026444914140645,0.13321593380713648,0.8802937240261106,1032,False
CanESM5,ssp370,huss,False,0.013703860172843007,0.013353107211021153,0.0007931824950429138,5-95%,0.6676356589147286,0.0003791548783143179,-0.0003507529618218549,0.8827083913170913,1032,False
CanESM5,ssp370,pr,False,3.491779468044284e-05,3.464084850980556e-05,3.5012361905508215e-06,5-95%,1.0,4.787074599064766e-07,-2.7694617063727575e-07,0.8211305809131029,1032,False
CanESM5,ssp370,psl,False,101093.2175387597,101107.38205547481,51.97386749031008,5-95%,0.8420542635658915,18.273856749271598,14.16451671511628,0.6541421855814231,1032,False
CanESM5,ssp370,rsds,False,186.0620886189069,186.7321447771649,3.81245916203935,5-95%,0.8808139534883721,1.2396808632606744,0.6700561582580102,0.9531792085615524,1032,False
CanESM5,ssp370,sfcWind,False,6.4429633862288425,6.407317485920219,0.2662796179453532,5-95%,0.9031007751937985,0.08051034141651978,-0.03564590030862378,-0.11829702566325762,1032,False
CanESM5,ssp370,tas,False,290.6399553284165,290.1727997831596,1.151287936425023,5-95%,0.7122093023255814,0.5084985554258858,-0.4671555452568555,0.9281381803255075,1032,False
CanESM5,ssp370,tasmax,False,292.6891851794812,292.21861240475675,1.1144496415012555,5-95%,0.6715116279069767,0.5115210575552407,-0.4705727747244418,0.9267422959037164,1032,False
CanESM5,ssp370,tasmin,False,288.7404663322508,288.22688612827034,1.2074312905008489,5-95%,0.6656976744186046,0.5525466268835033,-0.513580203980438,0.9169885181674335,1032,False
CanESM5,ssp370,ts,False,290.891275775525,290.5430969119996,1.153884059699007,5-95%,0.8536821705426356,0.3988993923349461,-0.3481788635253895,0.9565254209777466,1032,False
CanESM5,ssp434,hurs,False,85.33528211874555,85.45411056695983,1.0277820483658664,5-95%,0.9273255813953488,0.2797489430829095,0.1188284482142722,0.8845339607767213,1032,False
CanESM5,ssp434,huss,False,0.01310263427656659,0.012686388055404037,0.0007385847387950894,5-95%,0.43992248062015504,0.00044176837105980516,-0.00041624622116255057,0.49057801856853667,1032,False
CanESM5,ssp434,pr,False,3.469282894510015e-05,3.4366329674772124e-05,3.140961519582829e-06,5-95%,0.999031007751938,4.913665836432011e-07,-3.264992703280282e-07,0.715950872386983,1032,False
CanESM5,ssp434,psl,False,101103.73423116522,101119.48834938227,48.5354742005814,5-95%,0.7955426356589147,18.76686796772953,15.754118217054264,0.5257697175522956,1032,False
CanESM5,ssp434,rsds,False,187.91077591652095,188.60066838227502,3.6204968533774675,5-95%,0.9001937984496124,1.203238666747358,0.6898924657540746,0.9515289451701404,1032,False
CanESM5,ssp434,sfcWind,False,6.470027682393096,6.429962336555008,0.2576398258061372,5-95%,0.8837209302325582,0.08322716700058531,-0.0400653458380884,-0.1421678143774907,1032,False
CanESM5,ssp434,tas,False,289.82764795584274,289.17097523415737,1.0826243910678595,5-95%,0.29457364341085274,0.6887093232175779,-0.6566727216853648,0.7600345402986272,1032,False
CanESM5,ssp434,tasmax,False,291.9058863617653,291.2607633309771,1.0651116186334186,5-95%,0.30523255813953487,0.6767892984497232,-0.6451230307882134,0.7733709667925786,1032,False
CanESM5,ssp434,tasmin,False,287.8982347000477,287.2044103755507,1.1303609803665506,5-95%,0.2548449612403101,0.7246482957074412,-0.6938243244969571,0.7331635144049784,1032,False
CanESM5,ssp434,ts,False,290.10334686161013,289.51011492115583,1.083258606666742,5-95%,0.39244186046511625,0.6239959415285062,-0.5932319404542891,0.8148853818125446,1032,False
CanESM5,ssp460,hurs,False,85.24812634046688,85.38117364395497,1.0824869362882865,5-95%,0.9195736434108527,0.3016879689956185,0.13304730348808821,0.8756734575631857,1032,False
CanESM5,ssp460,huss,False,0.013462057000553087,0.013083182404344751,0.0007763959073945304,5-95%,0.5891472868217055,0.0004057897029429793,-0.00037887459620833543,0.7848157647893713,1032,False
CanESM5,ssp460,pr,False,3.4904629448520124e-05,3.4597809408578615e-05,3.332044664342155e-06,5-95%,1.0,4.725746279555759e-07,-3.0682003994151066e-07,0.8083687607417764,1032,False
CanESM5,ssp460,psl,False,101097.2840207122,101114.07781461967,50.467220809108525,5-95%,0.7703488372093024,20.482915857037455,16.79379390746124,0.4956607032086231,1032,False
CanESM5,ssp460,rsds,False,187.11627843398458,187.53562272241874,3.727118440376694,5-95%,0.9176356589147286,1.0949787478558461,0.41934428843417,0.960718970945721,1032,False
CanESM5,ssp460,sfcWind,False,6.453254618385966,6.418409625689189,0.262690639311029,5-95%,0.8924418604651163,0.08327586307309955,-0.03484499269677687,-0.14007118339810298,1032,False
CanESM5,ssp460,tas,False,290.3404260088307,289.7765536640966,1.1341628732607347,5-95%,0.5290697674418605,0.5990943849732007,-0.5638723447341312,0.86883989943673,1032,False
CanESM5,ssp460,tasmax,False,292.39756491017897,291.84214170589,1.1038941967394922,5-95%,0.4932170542635659,0.5892594684514753,-0.5554232042889251,0.873514803041765,1032,False
CanESM5,ssp460,tasmin,False,288.43172786032505,287.823064641435,1.1837313748145288,5-95%,0.4796511627906977,0.6429122344633579,-0.6086632188900483,0.850812758976731,1032,False
CanESM5,ssp460,ts,False,290.60266036395876,290.1350212984307,1.1372748086618814,5-95%,0.7160852713178295,0.5024350812863045,-0.46763906552809925,0.9108626197959736,1032,False
CanESM5,ssp585,hurs,True,85.13594318360322,85.14086112680361,1.1786683844041455,5-95%,0.9486434108527132,0.30380673429549193,0.004917943200399709,0.8902061961020798,1032,False
CanESM5,ssp585,huss,True,0.01404739052595118,0.013889557491561942,0.0008591285404973034,5-95%,0.9573643410852714,0.00021325010310114403,-0.0001578330343892405,0.9781567191333168,1032,False
CanESM5,ssp585,pr,True,3.5439733324864385e-05,3.543101327649797e-05,3.7085944645096866e-06,5-95%,1.0,4.1986141298260707e-07,-8.720048366415849e-09,0.9137833640695116,1032,False
CanESM5,ssp585,psl,True,101087.62241097384,101106.49089298691,53.55211361434109,5-95%,0.7257751937984496,22.840573295970053,18.868482013081394,0.5497292353845455,1032,False
CanESM5,ssp585,rsds,True,187.2221149326295,186.96993401993151,3.8925824128380113,5-95%,0.8992248062015504,1.228643318170226,-0.25218091269795945,0.9461622560896549,1032,False
CanESM5,ssp585,sfcWind,True,6.445930935153665,6.396221485710884,0.2717937184858692,5-95%,0.8856589147286822,0.08743654151312918,-0.049709449442782126,-0.21753704777922156,1032,False
CanESM5,ssp585,tas,True,291.1084992756215,290.95609132633655,1.2348002352455798,5-95%,0.9447674418604651,0.30693173710098737,-0.15240794928498894,0.9812971057320365,1032,False
CanESM5,ssp585,tasmax,True,293.14650779546696,292.97355660726856,1.1821570581243943,5-95%,0.939922480620155,0.30195782601097343,-0.17295118819835348,0.9816307245115306,1032,False
CanESM5,ssp585,tasmin,True,289.2209753879281,289.001703602399,1.288346135339072,5-95%,0.9447674418604651,0.3272077345133137,-0.21927178552908358,0.9792919343505909,1032,False
CanESM5,ssp585,ts,True,291.3587206463481,291.3363505814427,1.2359185329703393,5-95%,0.9573643410852714,0.29573767078081653,-0.022370064905445845,0.9827232045992632,1032,False
CanESM5-1,abrupt-4xCO2,hurs,True,84.73240024142795,84.77333602905273,1.3180557462904188,5-95%,0.9438888888888889,0.3464595149853216,0.040935787624782984,0.8868832319887441,1800,False
CanESM5-1,abrupt-4xCO2,huss,True,0.01556785193530631,0.015097871453294276,0.0010765217218755019,5-95%,0.28833333333333333,0.0010247169238473699,-0.000469980482012033,0.14798448644519413,1800,True
CanESM5-1,abrupt-4xCO2,pr,True,3.706448486304402e-05,3.785072434564225e-05,4.210821514587021e-06,5-95%,0.8383333333333334,1.3889222193082675e-06,7.862394825982241e-07,-0.14767481998601584,1800,False
CanESM5-1,abrupt-4xCO2,psl,True,101061.3624609375,101099.92338107638,57.51834201388889,5-95%,0.22722222222222221,41.69574502510109,38.56092013888889,-1.2034674524120894,1800,False
CanESM5-1,abrupt-4xCO2,rsds,True,187.53109686109755,188.40179106818306,4.038544489542644,5-95%,0.7466666666666667,1.8096230096406318,0.8706942070855062,0.8278576718222407,1800,False
CanESM5-1,abrupt-4xCO2,sfcWind,True,6.360399979485406,6.368159719573127,0.2837965692414178,5-95%,0.9094444444444445,0.08418205931008298,0.007759740087721097,0.014110199457991857,1800,False
CanESM5-1,abrupt-4xCO2,tas,True,293.2614704725477,292.7975291442871,1.5064061482747402,5-95%,0.34833333333333333,1.3183272113960147,-0.4639413282606318,0.4464948009840365,1800,False
CanESM5-1,abrupt-4xCO2,tasmax,True,295.24126754760744,294.739590250651,1.4167356024848101,5-95%,0.32055555555555554,1.2883529854693896,-0.501677296956379,0.47913840745994685,1800,False
CanESM5-1,abrupt-4xCO2,tasmin,True,291.4233961147732,290.86579276190866,1.5745646667480468,5-95%,0.3277777777777778,1.3947357230682547,-0.557603352864582,0.37998462125512067,1800,False
CanESM5-1,abrupt-4xCO2,ts,True,293.4893935479058,293.16070385403106,1.5022054206000435,5-95%,0.39944444444444444,1.2659162969012205,-0.32868969387478186,0.49828734966834787,1800,False
CanESM5-1,historical,hurs,False,85.55725806265167,85.67262878032646,0.8887887665719697,5-95%,0.9045454545454545,0.2668555420076495,0.11537071767479483,0.8941955168059879,1980,False
CanESM5-1,historical,huss,False,0.011277438457961135,0.011260020230529836,0.0005841931840875235,5-95%,0.9838383838383838,0.0001183539438255142,-1.7418227431299164e-05,0.923112487583095,1980,False
CanESM5-1,historical,pr,False,3.295438307924831e-05,3.352656366761875e-05,2.614409443438747e-06,5-95%,0.9217171717171717,7.064747079983173e-07,5.721805883704383e-07,0.01551775254798271,1980,False
CanESM5-1,historical,psl,False,101141.3693102904,101138.17522490531,46.55887784090909,5-95%,0.9964646464646465,7.467477526955111,-3.19408538510101,0.9229931965851886,1980,False
CanESM5-1,historical,rsds,False,190.59851054181956,191.71450726287534,3.38022120312007,5-95%,0.7772727272727272,1.4509416419123047,1.115996721055774,0.9422111390918685,1980,False
CanESM5-1,historical,sfcWind,False,6.467471534796435,6.444175305751839,0.2438775977703056,5-95%,0.9030303030303031,0.07256479746348417,-0.023296229044596346,0.057926291965799126,1980,False
CanESM5-1,historical,tas,False,286.82255827007873,286.8315668741862,0.88248079858645,5-95%,0.9772727272727273,0.1904524480461513,0.00900860410748238,0.9825963872178466,1980,False
CanESM5-1,historical,tasmax,False,288.9890890410452,288.9993539367059,0.8952618993894025,5-95%,0.9787878787878788,0.18518253931213496,0.010264895660710429,0.9833477312991948,1980,False
CanESM5-1,historical,tasmin,False,284.7857941290345,284.77822404341265,0.9427167487866949,5-95%,0.9868686868686869,0.1922072473317761,-0.0075700856218424584,0.9826841312376761,1980,False
CanESM5-1,historical,ts,False,287.12788878161496,287.13861060864997,0.8579639010959201,5-95%,0.9722222222222222,0.19433307073052036,0.01072182703499977,0.9835615805961442,1980,False
CanESM5-1,ssp119,hurs,False,85.35871119092602,85.51606449600338,0.9970451399337413,5-95%,0.9166666666666666,0.29219602035652925,0.15735330507736797,0.8723414145812417,1032,False
CanESM5-1,ssp119,huss,False,0.012426002028708605,0.012528948923536752,0.0007309430701181631,5-95%,0.9815891472868217,0.0001715752819536198,0.00010294689482814534,0.8391044166929659,1032,False
CanESM5-1,ssp119,pr,False,3.427291602388005e-05,3.500495784662284e-05,3.02427212611024e-06,5-95%,0.9486434108527132,8.27993593284362e-07,7.320418227427864e-07,-0.07270223936507092,1032,False
CanESM5-1,ssp119,psl,False,101116.18149679022,101119.99340631056,46.87029130329457,5-95%,0.9893410852713178,8.981330189524371,3.8119095203488373,0.8824009682788674,1032,False
CanESM5-1,ssp119,rsds,False,189.83771303457806,190.578975056493,3.5688640387483352,5-95%,0.8827519379844961,1.2047162043368906,0.7412620219149342,0.9550131750054559,1032,False
CanESM5-1,ssp119,sfcWind,False,6.476488131885381,6.427692960399066,0.2570364142573157,5-95%,0.8691860465116279,0.08549263747421067,-0.048795171486314876,-0.40774236233685723,1032,False
CanESM5-1,ssp119,tas,False,288.8108771272408,288.93170857983966,1.069657022638838,5-95%,0.9854651162790697,0.22884105394356086,0.1208314525988687,0.9689461040577841,1032,False
CanESM5-1,ssp119,tasmax,False,290.9236016680104,291.0473817041678,1.0546367260836815,5-95%,0.9874031007751938,0.22684432418822134,0.1237800361574167,0.9700668190384332,1032,False
CanESM5-1,ssp119,tasmin,False,286.8421955552212,286.940801132557,1.123278299967448,5-95%,0.9922480620155039,0.21421102724700677,0.09860557733580218,0.9727573069056215,1032,False
CanESM5-1,ssp119,ts,False,289.1007753416549,289.24292645713155,1.067238652428917,5-95%,0.9903100775193798,0.23340096779248337,0.1421511154766247,0.970395610041879,1032,False
CanESM5-1,ssp126,hurs,False,85.29397701292999,85.47344428809114,1.0215680395909983,5-95%,0.9079457364341085,0.3023897598600666,0.17946727516115174,0.8673466692272068,1032,False
CanESM5-1,ssp126,huss,False,0.012624729523983873,0.012688638500746493,0.0007502021441279469,5-95%,0.9912790697674418,0.00013940814962997374,6.39089767626193e-05,0.9109009648510101,1032,False
CanESM5-1,ssp126,pr,False,3.440963327327415e-05,3.5180736670222956e-05,3.1162787428714134e-06,5-95%,0.9457364341085271,8.575347559381151e-07,7.711033969488114e-07,-0.08470837323183988,1032,False
CanESM5-1,ssp126,psl,False,101112.07626271802,101119.77156007753,47.68232194767442,5-95%,0.9815891472868217,11.195535516449887,7.695297359496124,0.818531464340287,1032,False
CanESM5-1,ssp126,rsds,False,189.50399994665338,190.1561975109485,3.617571985998819,5-95%,0.8827519379844961,1.1755556096224689,0.6521975642950957,0.9563765945264443,1032,False
CanESM5-1,ssp126,sfcWind,False,6.469026743441589,6.426276586314504,0.25837078759836596,5-95%,0.8846899224806202,0.08196641018924708,-0.04275015712708465,-0.2696250694282971,1032,False
CanESM5-1,ssp126,tas,False,289.13562292646066,289.18929580570193,1.0977003703745765,5-95%,0.9941860465116279,0.1925971654495298,0.05367287924123409,0.9782568758805772,1032,False
CanESM5-1,ssp126,tasmax,False,291.24093045375145,291.29679521664167,1.0738083004027383,5-95%,0.997093023255814,0.18592324513566746,0.05586476289024781,0.9801886878445657,1032,False
CanESM5-1,ssp126,tasmin,False,287.17523527515027,287.2064378427905,1.150064246599065,5-95%,0.998062015503876,0.18198612584235285,0.031202567640201725,0.9805093125227939,1032,False
CanESM5-1,ssp126,ts,False,289.4205209598985,289.50841921429304,1.0944483853125762,5-95%,0.9961240310077519,0.19292117094220498,0.08789825439453235,0.9799131834640503,1032,False
CanESM5-1,ssp370,hurs,False,85.23134241178055,85.45467561529588,1.1159993696582409,5-95%,0.8788759689922481,0.36074458820712957,0.2233332035153411,0.8274342302322825,1032,False
CanESM5-1,ssp370,huss,False,0.013600417648355406,0.01336908577526229,0.0007928952542241906,5-95%,0.8846899224806202,0.0002779616485693801,-0.00023133187309311735,0.9378019203560725,1032,False
CanESM5-1,ssp370,pr,False,3.478009825777226e-05,3.538416755217504e-05,3.515727712510852e-06,5-95%,0.9844961240310077,7.37825305024346e-07,6.040692944027747e-07,0.5810505276876845,1032,False
CanESM5-1,ssp370,psl,False,101094.48014322917,101106.70575187742,51.88244155765504,5-95%,0.9108527131782945,16.294576707599013,12.225608648255815,0.7265127719996074,1032,False
CanESM5-1,ssp370,rsds,False,186.01297051777212,187.39591898659404,3.866874310397362,5-95%,0.7180232558139535,1.8216706417617294,1.3829484688219187,0.9056909821603212,1032,False
CanESM5-1,ssp370,sfcWind,False,6.446642821149308,6.40310534765554,0.26641330007434816,5-95%,0.9040697674418605,0.08227697851150698,-0.04353747349376825,-0.1521895989441422,1032,False
CanESM5-1,ssp370,tas,False,290.49077348930894,290.20688428065574,1.1492638698844027,5-95%,0.9050387596899225,0.3652912507444131,-0.283889208653175,0.9639226241055304,1032,False
CanESM5-1,ssp370,tasmax,False,292.5451043890428,292.2702476442322,1.1103614097417798,5-95%,0.872093023255814,0.3560719555367807,-0.27485674481059047,0.9653841840843349,1032,False
CanESM5-1,ssp370,tasmin,False,288.5864009709321,288.2556046774221,1.2090928129447527,5-95%,0.877906976744186,0.40741265251458164,-0.3307962935100221,0.9561983147123473,1032,False
CanESM5-1,ssp370,ts,False,290.7427893054578,290.5565668150436,1.1460184496502552,5-95%,0.9476744186046512,0.28357204223446913,-0.18622249041416677,0.9786561106939304,1032,False
CanESM5-1,ssp460,hurs,False,85.20976327556048,85.46897311543309,1.0826684079428976,5-95%,0.8507751937984496,0.3647404234689442,0.2592098398726116,0.8181052627929034,1032,False
CanESM5-1,ssp460,huss,False,0.013332977200598343,0.0130981577545866,0.000779683315447829,5-95%,0.872093023255814,0.00028485230272655995,-0.00023481944601174204,0.895770623045824,1032,False
CanESM5-1,ssp460,pr,False,3.4683080857505485e-05,3.5314085605989034e-05,3.3610638271874654e-06,5-95%,0.9844961240310077,7.384955705317394e-07,6.310047484835512e-07,0.5520758971933462,1032,False
CanESM5-1,ssp460,psl,False,101099.27675327034,101113.71199733527,50.52950884205426,5-95%,0.8343023255813954,18.5372020483393,14.43524406492248,0.6028377965985706,1032,False
CanESM5-1,ssp460,rsds,False,187.04758964952572,188.24064041847407,3.782014092733694,5-95%,0.75,1.6798195031778005,1.1930507689483436,0.9168306847264458,1032,False
CanESM5-1,ssp460,sfcWind,False,6.452616516471833,6.413094895292622,0.26311408780341927,5-95%,0.8934108527131783,0.08066793038611833,-0.039521621179211035,-0.19624575991437831,1032,False
CanESM5-1,ssp460,tas,False,290.14758081953653,289.80959793209104,1.1270587536715722,5-95%,0.8662790697674418,0.4115242050823206,-0.3379828874454931,0.940431023829627,1032,False
CanESM5-1,ssp460,tasmax,False,292.21886967503747,291.8933500541273,1.096582457076672,5-95%,0.8507751937984496,0.39917027247670495,-0.3255196209101707,0.9439556793248365,1032,False
CanESM5-1,ssp460,tasmin,False,288.2256466178007,287.84825977059296,1.1834530497706217,5-95%,0.8343023255813954,0.4495273196368408,-0.37738684720771065,0.9299500755178387,1032,False
CanESM5-1,ssp460,ts,False,290.4102237316989,290.1500850056493,1.1245454891707538,5-95%,0.937015503875969,0.33751747438990015,-0.2601387260496145,0.9613445321247521,1032,False
CanESM5-1,ssp585,hurs,True,85.12672239495802,85.26983591567638,1.1742712434872176,5-95%,0.9263565891472868,0.32253589897128027,0.14311352071836014,0.8814612656098184,1032,False
CanESM5-1,ssp585,huss,True,0.013976681896290413,0.01390329865439133,0.000856073448694374,5-95%,0.9709302325581395,0.00018124885372972524,-7.338324189907996e-05,0.9831304330541972,1032,False
CanESM5-1,ssp585,pr,True,3.536114740228193e-05,3.6240712445358566e-05,3.761886958717125e-06,5-95%,0.9457364341085271,1.0232640936064266e-06,8.795650430766384e-07,0.4616854572554312,1032,False
CanESM5-1,ssp585,psl,True,101088.57187954216,101105.0001589753,53.9836179748062,5-95%,0.8478682170542635,19.73270808359662,16.428279433139537,0.6563706781544665,1032,False
CanESM5-1,ssp585,rsds,True,187.27158938267434,187.5703125,3.938614364742309,5-95%,0.8633720930232558,1.288246932854522,0.29872311732565926,0.9442140608680506,1032,False
CanESM5-1,ssp585,sfcWind,True,6.444801195647365,6.393355820992197,0.27087986284448196,5-95%,0.876937984496124,0.09002066395931799,-0.051445374655169095,-0.31410022889591893,1032,False
CanESM5-1,ssp585,tas,True,291.0153035600056,290.982451682867,1.230144826016685,5-95%,0.9612403100775194,0.30648743928747346,-0.0328518771385943,0.9804707068109823,1032,False
CanESM5-1,ssp585,tasmax,True,293.06120666977046,293.0146259337433,1.1760028868682624,5-95%,0.9622093023255814,0.27575345793778616,-0.046580736027205666,0.9839990181763566,1032,False
CanESM5-1,ssp585,tasmin,True,289.12090280813766,289.0281563100889,1.2928324854651163,5-95%,0.9496124031007752,0.3038852150942946,-0.09274649804876761,0.981254461710851,1032,False
CanESM5-1,ssp585,ts,True,291.2666882063991,291.33743620288465,1.2262439875639686,5-95%,0.9525193798449613,0.33806518561608195,0.07074799648551186,0.9763610023948884,1032,False
CanESM5-CanOE,historical,hurs,False,85.55221544130885,85.69400553077158,0.8850454041452119,5-95%,0.8914141414141414,0.279264222779437,0.14179008946274266,0.8816331317571168,1980,False
CanESM5-CanOE,historical,huss,False,0.011291261268967736,0.011260798829842798,0.0005923581455429685,5-95%,0.9949494949494949,0.00010802841595176715,-3.046243912493437e-05,0.9355217992362476,1980,False
CanESM5-CanOE,historical,pr,False,3.2964650616655364e-05,3.3110856634036716e-05,2.6171388958343847e-06,5-95%,0.9949494949494949,4.154707546255687e-07,1.4620601738135172e-07,0.6694653981203764,1980,False
CanESM5-CanOE,historical,psl,False,101141.33318339646,101131.97514599116,46.39692629419192,5-95%,0.9767676767676767,11.501549860168904,-9.35803740530303,0.8189642600992064,1980,False
CanESM5-CanOE,historical,rsds,False,190.5645803432272,190.57161397452307,3.363887000806403,5-95%,0.9272727272727272,0.9541890113373486,0.007033631295870409,0.9729433936939513,1980,False
CanESM5-CanOE,historical,sfcWind,False,6.465350765892953,6.4619116144950945,0.24364814204399032,5-95%,0.9247474747474748,0.0676041351148422,-0.00343915139785919,0.17987559728812563,1980,False
CanESM5-CanOE,historical,tas,False,286.8370218758631,286.8115357678346,0.8981651383216935,5-95%,0.9883838383838384,0.17596995242489114,-0.02548610802852577,0.9854824919985706,1980,False
CanESM5-CanOE,historical,tasmax,False,289.00071614583334,288.93943128489485,0.9136121037030461,5-95%,0.9863636363636363,0.18129149120096438,-0.061284860938485425,0.9843806030009831,1980,False
CanESM5-CanOE,historical,tasmin,False,284.80147056194266,284.7968712854867,0.9532378379744709,5-95%,0.9939393939393939,0.1767705645666842,-0.004599276455964417,0.985688794232425,1980,False
CanESM5-CanOE,historical,ts,False,287.1422391332761,287.1238349837486,0.8762679437194207,5-95%,0.9848484848484849,0.18150883335997717,-0.01840414952750037,0.9859654146304487,1980,False
CanESM5-CanOE,ssp126,hurs,False,85.35113690250604,85.40363974164623,1.0250097023424252,5-95%,0.9447674418604651,0.26607569534165443,0.05250283914018971,0.8960730849885775,1032,False
CanESM5-CanOE,ssp126,huss,False,0.012649814096503202,0.012724070323363996,0.0007612255687081749,5-95%,0.9932170542635659,0.00015735165854955676,7.425622686079536e-05,0.8886163591381698,1032,False
CanESM5-CanOE,ssp126,pr,False,3.449122034153827e-05,3.473643912439566e-05,3.1175911437260717e-06,5-95%,0.999031007751938,4.421584960568775e-07,2.452187828573872e-07,0.7195699730346194,1032,False
CanESM5-CanOE,ssp126,psl,False,101111.7048888687,101117.00618489583,47.798843265503876,5-95%,0.9854651162790697,10.116601223996597,5.301296027131783,0.8547136551503884,1032,False
CanESM5-CanOE,ssp126,rsds,False,189.443513796311,189.2018096687258,3.5864608675934546,5-95%,0.9437984496124031,0.9542213983212158,-0.24170412758523915,0.969469071466712,1032,False
CanESM5-CanOE,ssp126,sfcWind,False,6.465774925642235,6.4423544300619024,0.2580997116805971,5-95%,0.9205426356589147,0.07377594811563984,-0.023420495580333142,-2.9054167562270194e-05,1032,False
CanESM5-CanOE,ssp126,tas,False,289.15835186862205,289.2364125806232,1.119495687558669,5-95%,0.9932170542635659,0.22427080178666708,0.0780607120011221,0.9713314187731322,1032,False
CanESM5-CanOE,ssp126,tasmax,False,291.2542786117672,291.31998783673424,1.1028972891874087,5-95%,0.9961240310077519,0.21780482284292718,0.06570922496707056,0.9735334248455727,1032,False
CanESM5-CanOE,ssp126,tasmin,False,287.2049730286118,287.27521893405174,1.1668607726577644,5-95%,0.997093023255814,0.21509523056298727,0.0702459054399847,0.9735290098519782,1032,False
CanESM5-CanOE,ssp126,ts,False,289.44249843626983,289.5697530110677,1.11859737070956,5-95%,0.9912790697674418,0.24148550567751384,0.12725457479787544,0.9693289319333037,1032,False
CanESM5-CanOE,ssp370,hurs,False,85.22551943165388,85.34820833871531,1.1262965313223905,5-95%,0.9224806201550387,0.3125941115568636,0.12268890706143638,0.8715121782005576,1032,False
CanESM5-CanOE,ssp370,huss,False,0.01368241328854369,0.013419540175742083,0.0008046790089299377,5-95%,0.8575581395348837,0.0002961639961614485,-0.0002628731128016076,0.9281163607555938,1032,False
CanESM5-CanOE,ssp370,pr,False,3.491300616968696e-05,3.4922347254877416e-05,3.540928351275249e-06,5-95%,1.0,3.988125203354736e-07,9.341085190449804e-09,0.8803327826033681,1032,False
CanESM5-CanOE,ssp370,psl,False,101093.10719476744,101105.28402828246,52.143887778585274,5-95%,0.872093023255814,17.222258517866276,12.17683351501938,0.6879051487073246,1032,False
CanESM5-CanOE,ssp370,rsds,False,186.0923532441605,186.47625790085903,3.8571781335875044,5-95%,0.9215116279069767,1.0952816885543755,0.38390465669853824,0.9630736443784071,1032,False
CanESM5-CanOE,ssp370,sfcWind,False,6.4465129278426945,6.417640832043434,0.26801383864972017,5-95%,0.9282945736434108,0.07320797091578249,-0.028872095799261276,0.04056823209167204,1032,False
CanESM5-CanOE,ssp370,tas,False,290.6266879591831,290.2798309326172,1.1762980971225474,5-95%,0.8343023255813954,0.41146719343935967,-0.34685702656590495,0.9526153442327037,1032,False
CanESM5-CanOE,ssp370,tasmax,False,292.67574824843297,292.3235993200494,1.1393715910209241,5-95%,0.814922480620155,0.4136795787751768,-0.3521489283835233,0.9517752166988495,1032,False
CanESM5-CanOE,ssp370,tasmin,False,288.7272824132165,288.34300844059436,1.2278243663699133,5-95%,0.8178294573643411,0.44214906939048315,-0.38427397262218177,0.9464881246196805,1032,False
CanESM5-CanOE,ssp370,ts,False,290.8790546387665,290.6481401310411,1.1737019738485657,5-95%,0.9166666666666666,0.32019033177977324,-0.23091450772544062,0.9718195962347619,1032,False
CanESM5-CanOE,ssp585,hurs,True,85.1333499583163,85.13307853077733,1.1805964033733043,5-95%,0.9312015503875969,0.33740675073550475,-0.0002714275389678718,0.8650352292767576,1032,False
CanESM5-CanOE,ssp585,huss,True,0.014002555860350827,0.013965263237180357,0.0008697325098436588,5-95%,0.997093023255814,0.0001667496681892141,-3.7292623170470076e-05,0.9862178092475432,1032,False
CanESM5-CanOE,ssp585,pr,True,3.5421522487774575e-05,3.5754516953292216e-05,3.752471016472442e-06,5-95%,0.999031007751938,5.654191083940126e-07,3.329944655176455e-07,0.8414454557926582,1032,False
CanESM5-CanOE,ssp585,psl,True,101088.17833999515,101105.26424721415,53.64344113372093,5-95%,0.7567829457364341,21.9318001484847,17.085907218992247,0.5767505932425214,1032,False
CanESM5-CanOE,ssp585,rsds,True,187.35940940620364,186.7091730103012,3.9314233498979907,5-95%,0.8488372093023255,1.3236373139333435,-0.6502363959024111,0.9363518181722883,1032,False
CanESM5-CanOE,ssp585,sfcWind,True,6.449039046616518,6.4064954778020695,0.272644907467125,5-95%,0.9050387596899225,0.08368624376148943,-0.04254356881444767,-0.0637177566721252,1032,False
CanESM5-CanOE,ssp585,tas,True,291.0581592885099,291.07497855489567,1.2551358540852864,5-95%,0.9651162790697675,0.3210410936257603,0.01681926638581214,0.9790984776645099,1032,False
CanESM5-CanOE,ssp585,tasmax,True,293.09855852940285,293.0907530082289,1.2047897161439407,5-95%,0.9641472868217055,0.3007789262979779,-0.0078055211739921915,0.9813692644653715,1032,False
CanESM5-CanOE,ssp585,tasmin,True,289.1679564779119,289.1301427441974,1.3129691781923754,5-95%,0.9835271317829457,0.28920339687763524,-0.037813733714494806,0.983483475734836,1032,False
CanESM5-CanOE,ssp585,ts,True,291.309102169303,291.45137701108473,1.257739518039911,5-95%,0.9341085271317829,0.38098906775907665,0.14227484178173633,0.9707184723963899,1032,False
EC-Earth3,abrupt-4xCO2,hurs,True,75.68069697221121,75.26183082262675,0.9310087203979492,5-95%,0.465625,0.6932348894309813,-0.4188661495844523,0.4754362109560246,1920,True
EC-Earth3,abrupt-4xCO2,huss,True,0.013265325909014742,0.012507773758261417,0.000843515213637147,5-95%,0.18229166666666666,0.0010734652968373618,-0.0007575521507533259,-0.2075893063102372,1920,True
EC-Earth3,abrupt-4xCO2,pr,True,3.717981270483506e-05,3.675738197633412e-05,4.544130835408092e-06,5-95%,0.9625,1.086539029055186e-06,-4.224307285009368e-07,-0.014698044576130886,1920,False
EC-Earth3,abrupt-4xCO2,psl,True,101194.81084391275,101132.78687744141,52.14388834635417,5-95%,0.06354166666666666,66.56642059719404,-62.023966471354164,-10.287757173737296,1920,True
EC-Earth3,abrupt-4xCO2,rsds,True,189.20769956906636,188.8580849568049,3.7268938461939496,5-95%,0.6135416666666667,2.048382103160994,-0.3496146122614515,0.8360910033574982,1920,True
EC-Earth3,abrupt-4xCO2,sfcWind,True,6.067386737465858,6.149769236644109,0.2670581802725792,5-95%,0.6802083333333333,0.12455266022442055,0.08238249917825063,-0.1592624110527554,1920,True
EC-Earth3,abrupt-4xCO2,tas,True,293.16897230148317,291.9582012017568,1.2676620006561279,5-95%,0.16770833333333332,1.6317342985057768,-1.2107710997263572,0.23554459076218948,1920,False
EC-Earth3,abrupt-4xCO2,tasmax,True,295.0525225957235,293.7638277848562,1.1706897735595698,5-95%,0.1453125,1.6708144087120855,-1.2886948108673086,0.204558782846175,1920,False
EC-Earth3,abrupt-4xCO2,tasmin,True,291.29878727595013,290.00817184448243,1.311171054840088,5-95%,0.16510416666666666,1.7158777651139177,-1.2906154314676903,0.134247191525521,1920,True
EC-Earth3,abrupt-4xCO2,ts,True,294.49680976867677,293.3693993409475,1.210257895787556,5-95%,0.16927083333333334,1.5521303219302713,-1.1274104277292876,0.24361841877728008,1920,False
EC-Earth3,historical,hurs,False,74.4354947016493,74.66730397978796,0.8569310364971132,5-95%,0.7985865724381626,0.33300121877740296,0.23180927813865512,0.5363766934493613,1981,False
EC-Earth3,historical,huss,False,0.009611806414780663,0.009586576457478053,0.0004938652316754299,5-95%,0.95557799091368,0.0001243032935491473,-2.52299573026103e-05,0.8656869098460659,1981,False
EC-Earth3,historical,pr,False,3.3426758663498826e-05,3.370684656554434e-05,2.8206231174357036e-06,5-95%,0.9419485108531045,6.813470857925759e-07,2.800879020455205e-07,-0.5106597176492602,1981,False
EC-Earth3,historical,psl,False,101122.85733609919,101132.0458969586,44.63977710121151,5-95%,0.9308430085815245,12.407329600965834,9.188560859414437,0.4820157209651553,1981,False
EC-Earth3,historical,rsds,False,193.3786076830229,193.39727327981302,3.1415520272791726,5-95%,0.9490156486622918,0.8159101108085886,0.018665596790112978,0.981184179063824,1981,False
EC-Earth3,historical,sfcWind,False,6.236729728519646,6.234712821916159,0.23120654369471713,5-95%,0.8833922261484098,0.07368127406058267,-0.002016906603486272,0.3450384185754891,1981,False
EC-Earth3,historical,tas,False,287.2542054331826,287.176847870936,0.7890883498213501,5-95%,0.8006057546693589,0.2917160931586685,-0.07735756224661465,0.9641896982699872,1981,False
EC-Earth3,historical,tasmax,False,289.3350420455509,289.2949110914035,0.7694760225807277,5-95%,0.8495709237758707,0.2611845345638007,-0.04013095414740707,0.9713296020196578,1981,False
EC-Earth3,historical,tasmin,False,285.1571062021578,285.0406259212272,0.8832107690294118,5-95%,0.7940434124179707,0.3205604954985183,-0.11648028093055722,0.9545565873995518,1981,False
EC-Earth3,historical,ts,False,288.84185074676714,288.70210952412174,0.7239025102487296,5-95%,0.7556789500252398,0.2986847617797527,-0.13974122264540317,0.943614071756216,1981,False
EC-Earth3,ssp119,hurs,False,74.95484776459924,74.96553203671478,0.8363766041836997,5-95%,0.9137596899224806,0.2389936744522523,0.010684272115544756,0.8205896395486891,1032,False
EC-Earth3,ssp119,huss,False,0.010449881485822137,0.010540533581633043,0.000598184118235065,5-95%,0.9738372093023255,0.0001470214129621292,9.065209581090531e-05,0.8531979286426297,1032,False
EC-Earth3,ssp119,pr,False,3.4477448395570486e-05,3.436318431425228e-05,3.330145346815472e-06,5-95%,1.0,4.236787253711588e-07,-1.1426408131820757e-07,0.4805608725125242,1032,False
EC-Earth3,ssp119,psl,False,101136.73137718023,101127.16818828731,44.72235343992248,5-95%,0.9447674418604651,12.52005815442922,-9.563188892926357,0.13936934156006464,1032,False
EC-Earth3,ssp119,rsds,False,191.40161860266397,191.64544213465018,3.297756845636886,5-95%,0.9273255813953488,0.9369195450718879,0.24382353198620854,0.9765160151326165,1032,False
EC-Earth3,ssp119,sfcWind,False,6.2039567467778225,6.2074142181596095,0.24011861815933108,5-95%,0.8943798449612403,0.07226954908559742,0.0034574713817862794,0.37428886279031937,1032,False
EC-Earth3,ssp119,tas,False,288.8234681417776,288.85611050627955,0.9161175868307895,5-95%,0.9932170542635659,0.18752222314646272,0.032642364501954665,0.9832008646187419,1032,False
EC-Earth3,ssp119,tasmax,False,290.8224756994913,290.86316479823387,0.8841649432514977,5-95%,0.9961240310077519,0.17402841734752852,0.04068909874258264,0.9857930590603448,1032,False
EC-Earth3,ssp119,tasmin,False,286.8152013083761,286.8399001424627,0.9877371381419573,5-95%,0.998062015503876,0.18550937982670995,0.024698834086574833,0.9824367068382707,1032,False
EC-Earth3,ssp119,ts,False,290.33481479615205,290.3383953183196,0.8480496073878084,5-95%,0.9844961240310077,0.18317959437115666,0.003580522167591504,0.9774384997737907,1032,False
EC-Earth3,ssp126,hurs,False,75.03019510313521,75.0075153897899,0.8410439528236093,5-95%,0.9186046511627907,0.24619987437230226,-0.022679713345313258,0.8204457552732387,1032,False
EC-Earth3,ssp126,huss,False,0.010620490930317458,0.010663100382017081,0.0006122058600389419,5-95%,0.9777131782945736,0.00012688681205596773,4.2609451699623524e-05,0.9100223368986727,1032,False
EC-Earth3,ssp126,pr,False,3.464667365768728e-05,3.4531072361819816e-05,3.4287173872680025e-06,5-95%,1.0,4.245816215202614e-07,-1.1560129586746198e-07,0.562819400349948,1032,False
EC-Earth3,ssp126,psl,False,101139.7371457122,101128.21100563227,45.252543604651166,5-95%,0.8691860465116279,14.692931225380141,-11.526140079941861,-0.17236523688261696,1032,False
EC-Earth3,ssp126,rsds,False,191.06681724666626,191.2015548528627,3.3516261522160002,5-95%,0.937015503875969,0.9020656047657519,0.1347376061964421,0.9779111806963432,1032,False
EC-Earth3,ssp126,sfcWind,False,6.190414433331453,6.206364089204359,0.24115674116814784,5-95%,0.873062015503876,0.07651194008694773,0.015949655872906837,0.36264948753554627,1032,False
EC-Earth3,ssp126,tas,False,289.11281278151876,289.05652609536816,0.9287460977716967,5-95%,0.9699612403100775,0.21126660572388856,-0.05628668615060116,0.9797020038992038,1032,False
EC-Earth3,ssp126,tasmax,False,291.1013735689858,291.05436629657595,0.8954368413880814,5-95%,0.9738372093023255,0.19400189934235113,-0.04700727240983764,0.983164962821629,1032,False
EC-Earth3,ssp126,tasmin,False,287.1170662281125,287.0524226048196,1.0005765811417453,5-95%,0.9699612403100775,0.21294943108838163,-0.06464362329290627,0.9780836707330541,1032,False
EC-Earth3,ssp126,ts,False,290.60882473731226,290.53420488224475,0.8603032725725985,5-95%,0.9563953488372093,0.2004130521064728,-0.07461985506752582,0.9748474104208598,1032,False
EC-Earth3,ssp370,hurs,False,75.42440806248392,75.24624631571216,0.8813897140266359,5-95%,0.812984496124031,0.34310253993280987,-0.1781617467717607,0.7494497964557616,1032,False
EC-Earth3,ssp370,huss,False,0.011251289818017126,0.011188088177140147,0.000641352209161478,5-95%,0.9757751937984496,0.00015014248373851168,-6.32016408769789e-05,0.9653001104134521,1032,False
EC-Earth3,ssp370,pr,False,3.506323025439362e-05,3.4850119736661294e-05,3.863117836426823e-06,5-95%,1.0,4.914293258589775e-07,-2.131105177323317e-07,0.7012907801378995,1032,False
EC-Earth3,ssp370,psl,False,101153.06186409884,101125.88640079941,50.35914789244186,5-95%,0.4699612403100775,31.936669922569163,-27.175463299418606,-2.03490222848588,1032,False
EC-Earth3,ssp370,rsds,False,188.73797645864562,188.57311303486196,3.5457040505815827,5-95%,0.9263565891472868,0.9945151420468985,-0.1648634237836473,0.975044280661407,1032,False
EC-Earth3,ssp370,sfcWind,False,6.160249660643497,6.1924864723700885,0.24986621252326077,5-95%,0.8817829457364341,0.07945151248540225,0.03223681172659232,0.3486737982407776,1032,False
EC-Earth3,ssp370,tas,False,290.0323017623073,289.8528611234916,0.97222927004792,5-95%,0.9331395348837209,0.25921512664088064,-0.17944063881570918,0.9787868380684017,1032,False
EC-Earth3,ssp370,tasmax,False,291.97023267524185,291.8061858480291,0.9262345779773796,5-95%,0.9476744186046512,0.24431615176271965,-0.1640468272127841,0.9809680472469564,1032,False
EC-Earth3,ssp370,tasmin,False,288.0932684905769,287.8798240839049,1.0361384310463588,5-95%,0.9321705426356589,0.2841924726460814,-0.2134444066720405,0.9741781806592651,1032,False
EC-Earth3,ssp370,ts,False,291.47454641770946,291.31832938970524,0.9067355902620059,5-95%,0.9195736434108527,0.24987578064350488,-0.15621702800425333,0.9755356512522604,1032,False
EC-Earth3,ssp585,hurs,True,75.5010831448459,75.27661834391513,0.8986406326293945,5-95%,0.7645348837209303,0.4187614202084428,-0.2244648009307625,0.686977997029115,1032,False
EC-Earth3,ssp585,huss,True,0.011500965484396266,0.011591015949433752,0.0006838527204858691,5-95%,0.8672480620155039,0.00022824571562504668,9.005046503748489e-05,0.9544351583769058,1032,False
EC-Earth3,ssp585,pr,True,3.529886505704724e-05,3.5554042464947234e-05,4.061108558194381e-06,5-95%,0.998062015503876,6.41096430243968e-07,2.5517740789999427e-07,0.6637018653295284,1032,False
EC-Earth3,ssp585,psl,True,101157.30580032704,101128.97486676357,51.24963662790697,5-95%,0.5281007751937985,36.54186292702516,-28.330933563468992,-1.4336717201608753,1032,False
EC-Earth3,ssp585,rsds,True,188.57406765545986,188.54871331444082,3.6400147815083357,5-95%,0.9021317829457365,1.1404413061898953,-0.025354341019030016,0.9669148967201349,1032,False
EC-Earth3,ssp585,sfcWind,True,6.148923595746358,6.182467567828274,0.2561396845551424,5-95%,0.8614341085271318,0.08441329425231454,0.03354397208191629,0.4104857394996446,1032,False
EC-Earth3,ssp585,tas,True,290.399688809417,290.47231493809426,1.0383965248285343,5-95%,0.9166666666666666,0.29642617445951863,0.07262612867725109,0.9791140471848548,1032,False
EC-Earth3,ssp585,tasmax,True,292.32767054831334,292.3915363282196,0.9795220249383038,5-95%,0.935077519379845,0.27192854163493296,0.06386577990628232,0.9819846834622006,1032,False
EC-Earth3,ssp585,tasmin,True,288.47308447194655,288.49250864428143,1.0940950970317052,5-95%,0.9408914728682171,0.2821445823629225,0.019424172334894678,0.9812779775871744,1032,False
EC-Earth3,ssp585,ts,True,291.8189844826395,291.9239530637283,0.9767469066058017,5-95%,0.8963178294573644,0.31517155682730325,0.10496858108875551,0.9717959271293763,1032,False
EC-Earth3-CC,abrupt-4xCO2,hurs,True,75.99775412588409,75.21287301188768,0.9310301616938427,5-95%,0.26616161616161615,0.9131874566375718,-0.7848811139964094,-0.10364869718732117,1980,True
EC-Earth3-CC,abrupt-4xCO2,huss,True,0.013315218598158474,0.012677342661496465,0.0008465360031660749,5-95%,0.21717171717171718,0.000997646490826494,-0.000637875936662007,-0.060659706343788145,1980,False
EC-Earth3-CC,abrupt-4xCO2,pr,True,3.7441303818078e-05,3.721783749172417e-05,4.601970552660836e-06,5-95%,0.9641414141414142,1.0324062210172533e-06,-2.2346632635383156e-07,0.14723583571202892,1980,False
EC-Earth3-CC,abrupt-4xCO2,psl,True,101198.24399857955,101129.49056186869,52.167542613636364,5-95%,0.03939393939393939,72.89572047611438,-68.75343671085858,-12.420343618458244,1980,True
EC-Earth3-CC,abrupt-4xCO2,rsds,True,188.54802422571663,189.01991872305823,3.715920326926491,5-95%,0.6808080808080809,2.1225491394157636,0.4718944973415812,0.8339910796860484,1980,True
EC-Earth3-CC,abrupt-4xCO2,sfcWind,True,6.02060308600917,6.144887384742197,0.2665094293729223,5-95%,0.5060606060606061,0.15883194136575968,0.12428429873302729,-0.7718393438790332,1980,True
EC-Earth3-CC,abrupt-4xCO2,tas,True,293.14465073094226,292.2634065878512,1.2679220334447991,5-95%,0.2106060606060606,1.4149340780751247,-0.8812441430910651,0.4061961853048438,1980,False
EC-Earth3-CC,abrupt-4xCO2,tasmax,True,295.0325271452316,294.0320653587881,1.1704370517923373,5-95%,0.18535353535353535,1.4703487583752468,-1.0004617864435366,0.3632453419431574,1980,False
EC-Earth3-CC,abrupt-4xCO2,tasmin,True,291.2806510231712,290.34108677103063,1.3173833211263022,5-95%,0.20656565656565656,1.4815498588694256,-0.9395642521405443,0.33300821893228916,1980,False
EC-Earth3-CC,abrupt-4xCO2,ts,True,294.42942312221334,293.66159073030104,1.2116174871271306,5-95%,0.2222222222222222,1.3271820839824293,-0.7678323919122858,0.42244844422048233,1980,False
EC-Earth3-CC,historical,hurs,False,74.53477787441678,74.6252893852465,0.851744472619259,5-95%,0.9141414141414141,0.25122694761634273,0.09051151082973287,0.7611223317407969,1980,False
EC-Earth3-CC,historical,huss,False,0.009778790435085796,0.009728341009185574,0.0004961936118438683,5-95%,0.9803030303030303,0.00010722251217843448,-5.044942590022289e-05,0.9104625052823367,1980,False
EC-Earth3-CC,historical,pr,False,3.368140444056028e-05,3.3717636888652144e-05,2.8502446524487255e-06,5-95%,0.998989898989899,3.909902916972584e-07,3.623244809186688e-08,0.5192363079499507,1980,False
EC-Earth3-CC,historical,psl,False,101127.2192550505,101127.34709990531,44.31958254419192,5-95%,0.997979797979798,7.72970496772995,0.1278448547979798,0.781940834049307,1980,False
EC-Earth3-CC,historical,rsds,False,193.08693967877014,193.25273099186444,3.1135066947551686,5-95%,0.9570707070707071,0.7475163541399588,0.16579131309432374,0.9846644386770494,1980,False
EC-Earth3-CC,historical,sfcWind,False,6.222730781333615,6.2184886079846,0.232323700490624,5-95%,0.895959595959596,0.07076637701376613,-0.004242173349014426,0.4021001918786241,1980,False
EC-Earth3-CC,historical,tas,False,287.63042224922566,287.47858601579765,0.7888330941248425,5-95%,0.9121212121212121,0.23131894853766954,-0.1518362334280294,0.976932102849483,1980,False
EC-Earth3-CC,historical,tasmax,False,289.68968901971374,289.5703502616497,0.7703010019629905,5-95%,0.951010101010101,0.20187570425400617,-0.11933875806403836,0.9823948785009721,1980,False
EC-Earth3-CC,historical,tasmin,False,285.5547316888366,285.3651165278271,0.8837748363764604,5-95%,0.9085858585858586,0.258134324737631,-0.18961516100950745,0.9699161106465187,1980,False
EC-Earth3-CC,historical,ts,False,289.2028341428198,289.00274892479484,0.7241629860617894,5-95%,0.841919191919192,0.26910705342084223,-0.200085218024975,0.9542208447928304,1980,False
EC-Earth3-CC,ssp585,hurs,True,75.49052996228832,75.23658531395964,0.9024490977442542,5-95%,0.7393410852713178,0.434758880501985,-0.25394464832867764,0.6694530861691984,1032,False
EC-Earth3-CC,ssp585,huss,True,0.011539200069057858,0.011748438227250257,0.0006877570882324098,5-95%,0.7277131782945736,0.00030362984266190773,0.00020923815819239982,0.9162914533539195,1032,False
EC-Earth3-CC,ssp585,pr,True,3.532833616120552e-05,3.595878703446604e-05,4.132121752926362e-06,5-95%,0.9835271317829457,8.884434143109337e-07,6.30450873260518e-07,0.3244696362306879,1032,False
EC-Earth3-CC,ssp585,psl,True,101160.37970869671,101126.54355922966,51.06851078003876,5-95%,0.4176356589147287,41.05416961515023,-33.83614946705426,-2.2040087579606165,1032,False
EC-Earth3-CC,ssp585,rsds,True,188.56304310643395,188.63948498215785,3.628304370613984,5-95%,0.9205426356589147,1.079130800185198,0.07644187572390605,0.9698997760533137,1032,False
EC-Earth3-CC,ssp585,sfcWind,True,6.150160265985385,6.175012779790301,0.2557366370230682,5-95%,0.9001937984496124,0.07815637962963484,0.024852513804916283,0.4301955008992093,1032,False
EC-Earth3-CC,ssp585,tas,True,290.478767040164,290.76977944189264,1.041207306144773,5-95%,0.7674418604651163,0.42615464922093854,0.2910124017286691,0.9562011879050482,1032,False
EC-Earth3-CC,ssp585,tasmax,True,292.40521089420764,292.65664758608324,0.9817402861839112,5-95%,0.8304263565891473,0.37856239814306264,0.25143669187560713,0.9646002178778365,1032,False
EC-Earth3-CC,ssp585,tasmin,True,288.5497414049252,288.8178570473841,1.1035684393357852,5-95%,0.8488372093023255,0.4036832385656828,0.26811564245889474,0.9610879814768032,1032,False
EC-Earth3-CC,ssp585,ts,True,291.89836363090103,292.2100853735162,0.9828357252963752,5-95%,0.6937984496124031,0.44860942287657113,0.3117217426152206,0.9419666554660235,1032,False
EC-Earth3-Veg,abrupt-4xCO2,hurs,True,75.65338875810568,75.24389759173194,0.9286808872854473,5-95%,0.4586092715231788,0.7128789484604231,-0.4094911663737518,0.4831082190113475,1812,True
EC-Earth3-Veg,abrupt-4xCO2,huss,True,0.013144071795720618,0.01247957342861433,0.0008386796572663005,5-95%,0.20860927152317882,0.0010217876171623825,-0.0006644983671062844,-0.09022854208598385,1812,True
EC-Earth3-Veg,abrupt-4xCO2,pr,True,3.704563424971097e-05,3.6908249077964735e-05,4.524601022129524e-06,5-95%,0.9525386313465783,1.0578694297109125e-06,-1.3738517174623176e-07,0.13890207563269485,1812,False
EC-Earth3-Veg,abrupt-4xCO2,psl,True,101191.35344664045,101134.88954711644,52.1760183843819,5-95%,0.1020971302428256,61.3328758177465,-56.46389952400662,-8.332904499399175,1812,True
EC-Earth3-Veg,abrupt-4xCO2,rsds,True,189.27300803077142,188.95262883672652,3.697480553296492,5-95%,0.608167770419426,2.079749792598038,-0.32037919404490733,0.8394799979885079,1812,True
EC-Earth3-Veg,abrupt-4xCO2,sfcWind,True,6.088236142731134,6.1480447224960155,0.26556412194738327,5-95%,0.7339955849889624,0.11359856858502984,0.059808579764881964,0.1272652880134275,1812,True
EC-Earth3-Veg,abrupt-4xCO2,tas,True,293.00326890082283,291.951524865022,1.2650988412482327,5-95%,0.1870860927152318,1.5468778273072634,-1.0517440358008225,0.33150454951107444,1812,False
EC-Earth3-Veg,abrupt-4xCO2,tasmax,True,294.88625851056435,293.78406593710116,1.1696424336886042,5-95%,0.17549668874172186,1.5553005049076805,-1.1021925734631524,0.3280912330133431,1812,False
EC-Earth3-Veg,abrupt-4xCO2,tasmin,True,291.1201867278312,289.98510465979837,1.307958371328729,5-95%,0.17991169977924945,1.6324535797377582,-1.1350820680327753,0.23511332928122064,1812,False
EC-Earth3-Veg,abrupt-4xCO2,ts,True,294.3538922442506,293.3297261623357,1.2073431793953942,5-95%,0.1815673289183223,1.516428175979634,-1.0241660819148382,0.30364450056491,1812,False
EC-Earth3-Veg,historical,hurs,False,74.50374824061538,74.6433052294182,0.8531098259819878,5-95%,0.8722222222222222,0.27816195715621533,0.13955698880282316,0.7168764601882899,1980,False
EC-Earth3-Veg,historical,huss,False,0.009662530860967059,0.009580327922741674,0.0004917698653621805,5-95%,0.9358585858585858,0.0001437641624089088,-8.220293822538472e-05,0.8512325902292395,1980,False
EC-Earth3-Veg,historical,pr,False,3.351465971773547e-05,3.358193089940933e-05,2.7975252904603492e-06,5-95%,0.9974747474747475,4.2482855922401966e-07,6.727118167386504e-08,0.4631464171225157,1980,False
EC-Earth3-Veg,historical,psl,False,101122.47461726642,101127.0705886995,44.41208175505051,5-95%,0.9888888888888889,8.971553466183048,4.595971433080808,0.720065931070351,1980,False
EC-Earth3-Veg,historical,rsds,False,193.20930832371567,193.34515446364279,3.130451317989463,5-95%,0.9611111111111111,0.7367425712911051,0.13584613992710506,0.9853110545927686,1980,False
EC-Earth3-Veg,historical,sfcWind,False,6.236609844005469,6.228947781312345,0.2308605878040044,5-95%,0.898989898989899,0.06960927603648512,-0.007662062693123853,0.382425745058537,1980,False
EC-Earth3-Veg,historical,tas,False,287.36384391399343,287.187370485248,0.7888757416696268,5-95%,0.8141414141414142,0.2862436118243057,-0.17647342874546118,0.9658204016297943,1980,False
EC-Earth3-Veg,historical,tasmax,False,289.4377626515398,289.31182280261106,0.7710914072364277,5-95%,0.8929292929292929,0.24158542195267402,-0.1259398489287386,0.9756124560956244,1980,False
EC-Earth3-Veg,historical,tasmin,False,285.2723670882408,285.0463515772964,0.879578469016335,5-95%,0.796969696969697,0.3182835780183884,-0.22601551094440336,0.9557962053383622,1980,False
EC-Earth3-Veg,historical,ts,False,288.9410469440499,288.7099774293225,0.7220790053858902,5-95%,0.7257575757575757,0.3221570411291724,-0.23106951472735074,0.9366101018892242,1980,False
EC-Earth3-Veg,ssp119,hurs,False,75.00226327615191,74.95374935357145,0.8384362302085225,5-95%,0.8846899224806202,0.25987044404084286,-0.04851392258045285,0.7938050418382246,1032,False
EC-Earth3-Veg,ssp119,huss,False,0.010471967222212308,0.010523994468592868,0.0005933555671512047,5-95%,0.9631782945736435,0.00014815970262528258,5.202724638055973e-05,0.861428478115232,1032,False
EC-Earth3-Veg,ssp119,pr,False,3.4513623653088705e-05,3.452971622414048e-05,3.3228206078536797e-06,5-95%,1.0,3.9980717971445627e-07,1.609257105178411e-08,0.5561827866486297,1032,False
EC-Earth3-Veg,ssp119,psl,False,101135.34606649709,101127.31052416425,44.64640110222868,5-95%,0.9670542635658915,11.494268603352111,-8.035542332848838,0.26142416872210683,1032,False
EC-Earth3-Veg,ssp119,rsds,False,191.3187615446342,191.68245874449264,3.2988303872041924,5-95%,0.9166666666666666,0.9785289162539541,0.363697199858438,0.9743885081954035,1032,False
EC-Earth3-Veg,ssp119,sfcWind,False,6.203391837519269,6.2057012222534,0.23908979116484178,5-95%,0.9001937984496124,0.07169443165417803,0.002309384734131577,0.3780149667813554,1032,False
EC-Earth3-Veg,ssp119,tas,False,288.8419681519501,288.85376029790837,0.914948899616567,5-95%,0.9563953488372093,0.2237790421932733,0.011792145958244253,0.9765197757559851,1032,False
EC-Earth3-Veg,ssp119,tasmax,False,290.84463891317677,290.87723168661427,0.8859323013660519,5-95%,0.9670542635658915,0.19845755027097084,0.03259277343750022,0.9818306636038653,1032,False
EC-Earth3-Veg,ssp119,tasmin,False,286.8277343631715,286.830107932867,0.9859637474828911,5-95%,0.9651162790697675,0.2254970703428351,0.002373569695526285,0.9746018499884198,1032,False
EC-Earth3-Veg,ssp119,ts,False,290.3535556349643,290.3165211640587,0.8443812880405166,5-95%,0.9457364341085271,0.20725460975433468,-0.03703447090562847,0.971890782325552,1032,False
EC-Earth3-Veg,ssp126,hurs,False,75.03499834199518,74.9938790039998,0.8394309661397532,5-95%,0.8802681992337165,0.2723554785292038,-0.041119337995390325,0.7843358864417221,1044,False
EC-Earth3-Veg,ssp126,huss,False,0.01056547199779139,0.010646422169710033,0.0006099058693396178,5-95%,0.9530651340996169,0.0001542353590215689,8.095017191864607e-05,0.8667330683290754,1044,False
EC-Earth3-Veg,ssp126,pr,False,3.457402066787383e-05,3.469525011938995e-05,3.4141394524521488e-06,5-95%,1.0,4.5938332873541034e-07,1.2122945151612034e-07,0.5151675792431948,1044,False
EC-Earth3-Veg,ssp126,psl,False,101137.99664002634,101128.46451448755,45.65557650862069,5-95%,0.9367816091954023,12.997438153064358,-9.532125538793103,0.06342520523539508,1044,False
EC-Earth3-Veg,ssp126,rsds,False,191.0792543988575,191.2504402102182,3.32943835203675,5-95%,0.9252873563218391,0.9281383516866798,0.17118581136067873,0.9766395955377276,1044,False
EC-Earth3-Veg,ssp126,sfcWind,False,6.199415324291507,6.204777589702972,0.24150117147014516,5-95%,0.9022988505747126,0.07346781783531647,0.0053622654114646555,0.40159760816612455,1044,False
EC-Earth3-Veg,ssp126,tas,False,288.9895089101974,289.0563666975818,0.9325294056157957,5-95%,0.9789272030651341,0.2154510964856485,0.06685778738438518,0.9787184739156961,1044,False
EC-Earth3-Veg,ssp126,tasmax,False,290.98580859538697,291.0705462050164,0.8973963945761492,5-95%,0.9770114942528736,0.20406884053830524,0.08473760962943165,0.9812286486446189,1044,False
EC-Earth3-Veg,ssp126,tasmin,False,286.9836152175377,287.0441785790454,1.0008397303321808,5-95%,0.9932950191570882,0.2142567634676747,0.06056336150772352,0.9776016492559664,1044,False
EC-Earth3-Veg,ssp126,ts,False,290.48853918784425,290.51361709536263,0.8613082476502629,5-95%,0.9808429118773946,0.1896958075577062,0.02507790751840909,0.9772797288909882,1044,False
EC-Earth3-Veg,ssp370,hurs,False,75.39861250837187,75.23632920656168,0.8817810920919952,5-95%,0.8256704980842912,0.3478074078093465,-0.16228330181019515,0.7445959161438673,1044,False
EC-Earth3-Veg,ssp370,huss,False,0.01119783903575601,0.011183779971260115,0.0006431258770626522,5-95%,0.9703065134099617,0.00014953446560738546,-1.4059064495894626e-05,0.9684939264347372,1044,False
EC-Earth3-Veg,ssp370,pr,False,3.498045204313123e-05,3.5033386798744565e-05,3.867310293585729e-06,5-95%,1.0,4.602827354754947e-07,5.2934755613336896e-08,0.759482803848406,1044,False
EC-Earth3-Veg,ssp370,psl,False,101151.25008231562,101126.67233147749,50.65942289272031,5-95%,0.5574712643678161,29.68740725497209,-24.577750838122604,-1.476110575554633,1044,False
EC-Earth3-Veg,ssp370,rsds,False,188.82446132674528,188.58951732299337,3.5554263527822676,5-95%,0.9176245210727969,1.0042664655334308,-0.23494400375190702,0.9741648431793557,1044,False
EC-Earth3-Veg,ssp370,sfcWind,False,6.165987531800837,6.1908257231401755,0.2498104343925856,5-95%,0.9032567049808429,0.0782104153867169,0.024838191339339327,0.3928029535408245,1044,False
EC-Earth3-Veg,ssp370,tas,False,289.9178891236755,289.87399829849886,0.9786033191900148,5-95%,0.9837164750957854,0.20020356007116885,-0.0438908251766025,0.9883324576879671,1044,False
EC-Earth3-Veg,ssp370,tasmax,False,291.8643594500662,291.84499581289475,0.9329777275465447,5-95%,0.9894636015325671,0.19060273929340857,-0.01936363717148451,0.9892598669585299,1044,False
EC-Earth3-Veg,ssp370,tasmin,False,287.9674425673211,287.89107399425285,1.0417229371052594,5-95%,0.9808429118773946,0.2212022880976982,-0.07636857306820229,0.9856741761041465,1044,False
EC-Earth3-Veg,ssp370,ts,False,291.36225157405227,291.3151028220224,0.910918283279829,5-95%,0.9760536398467433,0.18628566492696244,-0.04714875202982595,0.9875244529438646,1044,False
EC-Earth3-Veg,ssp585,hurs,True,75.46489173682161,75.26199301638344,0.8981457791587178,5-95%,0.7645348837209303,0.4228425175767565,-0.20289872043816617,0.6957674339884077,1032,False
EC-Earth3-Veg,ssp585,huss,True,0.011439569953236998,0.011568157063695994,0.0006818728857175558,5-95%,0.8682170542635659,0.0002370687276251169,0.00012858711045899565,0.9495239454167431,1032,False
EC-Earth3-Veg,ssp585,pr,True,3.520986482437521e-05,3.5706405025510235e-05,4.042431192624639e-06,5-95%,0.9932170542635659,7.629258342714762e-07,4.965402011350319e-07,0.5403088193013903,1032,False
EC-Earth3-Veg,ssp585,psl,True,101156.06697401889,101130.26936470445,51.23538941375969,5-95%,0.5891472868217055,33.635997526976844,-25.797609314437985,-1.1481588565809826,1032,False
EC-Earth3-Veg,ssp585,rsds,True,188.65990524883418,188.6095222502716,3.640623905862025,5-95%,0.9040697674418605,1.079402046897607,-0.0503829985625969,0.9706321165574316,1032,False
EC-Earth3-Veg,ssp585,sfcWind,True,6.158509792283524,6.1810240265010865,0.2550476914228395,5-95%,0.8905038759689923,0.07794818723065076,0.02251423421756243,0.4989300139095698,1032,False
EC-Earth3-Veg,ssp585,tas,True,290.2902173182761,290.4678113774736,1.0366729913755897,5-95%,0.9195736434108527,0.3244750611450264,0.17759405919747914,0.9749160442195356,1032,False
EC-Earth3-Veg,ssp585,tasmax,True,292.22658834531325,292.4084360581036,0.980105496192163,5-95%,0.9031007751937985,0.3099873544842674,0.1818477127903207,0.9765161646877949,1032,False
EC-Earth3-Veg,ssp585,tasmin,True,288.35144075497175,288.4769454187201,1.0946817324143048,5-95%,0.9476744186046512,0.28975337472831714,0.12550466374833538,0.9802338262562722,1032,False
EC-Earth3-Veg,ssp585,ts,True,291.7108278792034,291.8933550812477,0.9765308291413052,5-95%,0.8711240310077519,0.33393352613390853,0.1825272020443488,0.9682325827316854,1032,False
EC-Earth3-Veg-LR,historical,hurs,False,74.4062076761265,74.64450747942684,0.8557153836645262,5-95%,0.7691919191919192,0.34986877656254595,0.23829980330033737,0.5434232600378248,1980,False
EC-Earth3-Veg-LR,historical,huss,False,0.009351747045105253,0.009373162843456273,0.0004850831103859221,5-95%,0.9737373737373738,0.00010275710856333914,2.1415798351018717e-05,0.8904722011486705,1980,False
EC-Earth3-Veg-LR,historical,pr,False,3.270963727963401e-05,3.327290968893912e-05,2.7973626856692134e-06,5-95%,0.944949494949495,6.939477279060866e-07,5.632724093051034e-07,-0.7021464589743589,1980,False
EC-Earth3-Veg-LR,historical,psl,False,101116.78852982954,101120.10174400253,44.82558396464646,5-95%,0.9964646464646465,8.202235993418851,3.313214172979798,0.821622250031429,1980,False
EC-Earth3-Veg-LR,historical,rsds,False,192.5998851506397,192.4988470520636,3.1196695578218705,5-95%,0.955050505050505,0.7556721342411118,-0.10103809857609074,0.9851531909715743,1980,False
EC-Earth3-Veg-LR,historical,sfcWind,False,6.218921868247215,6.212856953794306,0.2302309012172198,5-95%,0.8858585858585859,0.07301549238931523,-0.006064914452909202,0.3411180595603911,1980,False
EC-Earth3-Veg-LR,historical,tas,False,286.72101727109964,286.7395136823558,0.7873090185300267,5-95%,0.9707070707070707,0.1820178291033276,0.018496411256117024,0.986832295130358,1980,False
EC-Earth3-Veg-LR,historical,tasmax,False,288.7866301565459,288.8383485119752,0.7742283984868216,5-95%,0.9747474747474747,0.1690626883591418,0.05171835542929485,0.9884266404796204,1980,False
EC-Earth3-Veg-LR,historical,tasmin,False,284.61713340065694,284.61480702101585,0.868241312046244,5-95%,0.9777777777777777,0.1858996638916319,-0.0023263796411369083,0.9859424327863064,1980,False
EC-Earth3-Veg-LR,historical,ts,False,288.3668863161646,288.2504984229502,0.7196371829870967,5-95%,0.9146464646464646,0.21317026483509147,-0.11638789321436911,0.9725918080456082,1980,False
EC-Earth3-Veg-LR,ssp119,hurs,False,74.88122101717217,74.91937599625699,0.8344307685083197,5-95%,0.8943798449612403,0.2584314583925848,0.038154979084813315,0.799962746337199,1032,False
EC-Earth3-Veg-LR,ssp119,huss,False,0.010111077516267476,0.01027086486339622,0.0005834654673876234,5-95%,0.8682170542635659,0.00019617364988024885,0.00015978734712874602,0.682894276157341,1032,False
EC-Earth3-Veg-LR,ssp119,pr,False,3.3654004392849664e-05,3.405096186520672e-05,3.2957901609289937e-06,5-95%,0.998062015503876,5.680567195305064e-07,3.9695747235705066e-07,-0.011410456614714404,1032,False
EC-Earth3-Veg-LR,ssp119,psl,False,101128.35675569283,101121.09711876212,45.16129935804263,5-95%,0.9777131782945736,10.593830863492409,-7.259636930717054,0.5400614627370812,1032,False
EC-Earth3-Veg-LR,ssp119,rsds,False,190.64463574017665,190.85843923110372,3.293387346489484,5-95%,0.9602713178294574,0.8221367662862322,0.21380349092705406,0.982815213778159,1032,False
EC-Earth3-Veg-LR,ssp119,sfcWind,False,6.1993425830390105,6.184477538563485,0.23847783212513887,5-95%,0.8808139534883721,0.07642441016562393,-0.014865044475525828,0.2849511438498422,1032,False
EC-Earth3-Veg-LR,ssp119,tas,False,288.1958639455396,288.3565552585809,0.9137882557950288,5-95%,0.9312015503875969,0.2650339375990144,0.1606913130412747,0.9688152898563392,1032,False
EC-Earth3-Veg-LR,ssp119,tasmax,False,290.1847805348478,290.38550375413524,0.8906511410262238,5-95%,0.9118217054263565,0.2770506039148027,0.20072321928748882,0.9658264578711395,1032,False
EC-Earth3-Veg-LR,ssp119,tasmin,False,286.1756959072379,286.3258588923964,0.9712207409762597,5-95%,0.9631782945736435,0.25579679513573067,0.15016298515852175,0.9697631033315022,1032,False
EC-Earth3-Veg-LR,ssp119,ts,False,289.7760332979897,289.8122479342675,0.8397804378539098,5-95%,0.9622093023255814,0.20231769132379557,0.03621463627778409,0.9739277184278319,1032,False
EC-Earth3-Veg-LR,ssp126,hurs,False,74.98715932239858,74.95549707634504,0.8371623800706494,5-95%,0.8808139534883721,0.26738686592059313,-0.03166224605353304,0.805775848617413,1032,False
EC-Earth3-Veg-LR,ssp126,huss,False,0.010258932952595784,0.010388134419196057,0.0005965056782227392,5-95%,0.9079457364341085,0.00017871721474476657,0.00012920146660027338,0.7743328720529106,1032,False
EC-Earth3-Veg-LR,ssp126,pr,False,3.381393979054351e-05,3.420497949814172e-05,3.4161796185601767e-06,5-95%,0.997093023255814,5.672657461362655e-07,3.9103970759820774e-07,0.0652031878779753,1032,False
EC-Earth3-Veg-LR,ssp126,psl,False,101130.75939468265,101122.32687590843,46.08654312015504,5-95%,0.9718992248062015,11.604762215811933,-8.432518774224807,0.42826875390870545,1032,False
EC-Earth3-Veg-LR,ssp126,rsds,False,190.23825157520383,190.42189683840257,3.3250619607378336,5-95%,0.9437984496124031,0.8445124060032431,0.1836452631987358,0.9815707155438788,1032,False
EC-Earth3-Veg-LR,ssp126,sfcWind,False,6.1924072989197665,6.182715453380762,0.2403545107028281,5-95%,0.9069767441860465,0.07275876386597427,-0.009691845539004294,0.32394779922463846,1032,False
EC-Earth3-Veg-LR,ssp126,tas,False,288.460535448651,288.553290344948,0.9305730420489634,5-95%,0.9573643410852714,0.23181620410488932,0.09275489629701225,0.9765824308697381,1032,False
EC-Earth3-Veg-LR,ssp126,tasmax,False,290.4403198597043,290.57659140298534,0.9043197927548906,5-95%,0.9593023255813954,0.23661517844091629,0.13627154328102356,0.9756203686651901,1032,False
EC-Earth3-Veg-LR,ssp126,tasmin,False,286.4529206919116,286.53075793362405,0.9872452196224716,5-95%,0.9767441860465116,0.22243450697272582,0.07783724171246845,0.9774790113284679,1032,False
EC-Earth3-Veg-LR,ssp126,ts,False,290.02299910552745,290.00419912412184,0.8558945175289182,5-95%,0.9593023255813954,0.19535114946693022,-0.018799981405567247,0.97659739544689,1032,False
EC-Earth3-Veg-LR,ssp370,hurs,False,75.31257284149643,75.17329447398814,0.8729000165480976,5-95%,0.8372093023255814,0.3360856293570797,-0.13927836750828942,0.7768749095562079,1032,False
EC-Earth3-Veg-LR,ssp370,huss,False,0.010850340375214651,0.010889295357741479,0.0006280910086550931,5-95%,0.9844961240310077,0.00013337470330974165,3.8954982526830335e-05,0.9690721219380183,1032,False
EC-Earth3-Veg-LR,ssp370,pr,False,3.417778479576886e-05,3.442362553199533e-05,3.8219791843071704e-06,5-95%,1.0,4.788607106545887e-07,2.458407362264694e-07,0.7051543912302278,1032,False
EC-Earth3-Veg-LR,ssp370,psl,False,101142.67463814195,101120.41989159399,51.07060773982558,5-95%,0.6153100775193798,26.510369694996513,-22.254746547965116,-0.9013068056433822,1032,False
EC-Earth3-Veg-LR,ssp370,rsds,False,187.99365522695143,187.8459353336068,3.553013868110124,5-95%,0.9593023255813954,0.85377418368149,-0.14771989334460936,0.9821422706544538,1032,False
EC-Earth3-Veg-LR,ssp370,sfcWind,False,6.168123754420022,6.1662035016126415,0.2489653511564861,5-95%,0.9089147286821705,0.07583071769351567,-0.0019202528073805913,0.33677220654442286,1032,False
EC-Earth3-Veg-LR,ssp370,tas,False,289.37473705203035,289.32739047856296,0.9726477926091628,5-95%,0.9728682170542635,0.2092800601439348,-0.04734657346739963,0.986934553560332,1032,False
EC-Earth3-Veg-LR,ssp370,tasmax,False,291.3082979778911,291.3186843339787,0.9349456905394558,5-95%,0.9786821705426356,0.20440934166679356,0.010386356087618866,0.9873049910559848,1032,False
EC-Earth3-Veg-LR,ssp370,tasmin,False,287.41824494591054,287.3266514031462,1.0272297230801841,5-95%,0.9689922480620154,0.22397550422308246,-0.09159354276435232,0.9849593185314416,1032,False
EC-Earth3-Veg-LR,ssp370,ts,False,290.8836908562239,290.7661908171898,0.9032127912654431,5-95%,0.9312015503875969,0.22844627401348774,-0.11750003903410902,0.9801392693664566,1032,False
EC-Earth3-Veg-LR,ssp585,hurs,True,75.38582378949306,75.19116850416789,0.8936379750569662,5-95%,0.7829457364341085,0.3857342583400702,-0.19465528532516124,0.7254771856395368,1032,False
EC-Earth3-Veg-LR,ssp585,huss,True,0.011092604575642557,0.01127502807351041,0.0006675379325512994,5-95%,0.8023255813953488,0.0002607331754215004,0.00018242349786785035,0.930494280221611,1032,False
EC-Earth3-Veg-LR,ssp585,pr,True,3.441204898638173e-05,3.50417961187283e-05,4.009253710722451e-06,5-95%,0.997093023255814,7.991124619747156e-07,6.297471323465683e-07,0.43266264141827293,1032,False
EC-Earth3-Veg-LR,ssp585,psl,True,101147.40001968265,101124.3052855499,51.931087996608525,5-95%,0.6375968992248062,29.949421778591137,-23.094734132751938,-0.8329772342416564,1032,False
EC-Earth3-Veg-LR,ssp585,rsds,True,187.88909067848857,187.83398851498154,3.623586994732996,5-95%,0.9302325581395349,0.988541368286955,-0.05510216350703309,0.9767556741591816,1032,False
EC-Earth3-Veg-LR,ssp585,sfcWind,True,6.162918770036032,6.153684750083805,0.2537021512208983,5-95%,0.9031007751937985,0.07528218889715028,-0.00923401995222696,0.4041957133479581,1032,False
EC-Earth3-Veg-LR,ssp585,tas,True,289.7545770452928,289.93497783453887,1.0383660368217043,5-95%,0.9127906976744186,0.31847509589143574,0.18040078924608005,0.9761029493320154,1032,False
EC-Earth3-Veg-LR,ssp585,tasmax,True,291.67839091692787,291.9044601677,0.9879909781522529,5-95%,0.8653100775193798,0.3449893381577298,0.22606925077216747,0.9711341775989033,1032,False
EC-Earth3-Veg-LR,ssp585,tasmin,True,287.8116622451664,287.9193801879883,1.085057901781659,5-95%,0.9641472868217055,0.2683450152575627,0.10771794282188904,0.9832843996138954,1032,False
EC-Earth3-Veg-LR,ssp585,ts,True,291.23605979505436,291.35828488372096,0.975322131962739,5-95%,0.9031007751937985,0.3000145665795845,0.12222508866657615,0.9741061266851344,1032,False
FGOALS-g3,abrupt-4xCO2,hurs,True,77.02705532626102,77.24142089642976,0.8989984319921125,5-95%,0.8289473684210527,0.3104053707751571,0.21436557016874613,0.9577255749858046,1824,False
FGOALS-g3,abrupt-4xCO2,huss,True,0.011738731972097058,0.011607881820262279,0.0007172150286159637,5-95%,0.7176535087719298,0.00034511915881673273,-0.0001308501518347809,0.4145485780223366,1824,False
FGOALS-g3,abrupt-4xCO2,pr,True,3.349563166422517e-05,3.3627250876347e-05,3.8002555907281166e-06,5-95%,0.975328947368421,7.918180970865684e-07,1.3161921212182886e-07,-0.18419631141839776,1824,False
FGOALS-g3,abrupt-4xCO2,psl,True,101171.0015119586,101184.01252826891,48.47704221491228,5-95%,0.9161184210526315,14.737034323999502,13.011016310307017,0.7112819338781835,1824,False
FGOALS-g3,abrupt-4xCO2,rsds,True,188.40589729108308,189.0723204612732,3.3892949087577944,5-95%,0.84375,1.278250895304717,0.6664231701901104,0.9374221848662687,1824,False
FGOALS-g3,abrupt-4xCO2,sfcWind,True,6.308085059126218,6.319179677910972,0.25644608364816296,5-95%,0.9150219298245614,0.07410700629045343,0.011094618784753906,0.20276937851086851,1824,False
FGOALS-g3,abrupt-4xCO2,tas,True,290.0945322806375,289.69916616406357,1.0581267674763997,5-95%,0.4819078947368421,0.6558742955050163,-0.39536611657393483,0.8042269123838395,1824,False
FGOALS-g3,abrupt-4xCO2,tasmax,True,292.3179300207841,291.9139553203917,0.9950383838854338,5-95%,0.45723684210526316,0.6498260595179896,-0.4039747003923374,0.8368797131169161,1824,False
FGOALS-g3,abrupt-4xCO2,tasmin,True,288.0641376930371,287.61567808452406,1.1044826507568366,5-95%,0.4473684210526316,0.7049058681513721,-0.4484596085130111,0.731229912399473,1824,False
FGOALS-g3,abrupt-4xCO2,ts,True,290.93027844345363,290.5237364852638,1.0289947944774955,5-95%,0.45723684210526316,0.6633816961729325,-0.4065419581898458,0.8003555231968642,1824,False
FGOALS-g3,historical,hurs,False,76.93842649935725,76.97285668531102,0.8280668049277422,5-95%,0.9505988023952096,0.20331828598024687,0.03443018595377604,0.9817231276616436,2004,False
FGOALS-g3,historical,huss,False,0.009494721744964203,0.009476394314474995,0.0004377964602415256,5-95%,0.9326347305389222,0.00011627019534289625,-1.832743048920667e-05,0.8581948581786643,2004,False
FGOALS-g3,historical,pr,False,3.160041056642462e-05,3.150143639394303e-05,2.5366241239324866e-06,5-95%,0.9930139720558883,4.5760729885494177e-07,-9.897417248158855e-08,0.17896670706801332,2004,False
FGOALS-g3,historical,psl,False,101197.06216473304,101197.11015079217,42.400515375499005,5-95%,0.9985029940119761,7.250753330620585,0.04798605913173653,0.9430427054730753,2004,False
FGOALS-g3,historical,rsds,False,193.4522879899381,193.35639004888174,3.036646327096783,5-95%,0.9680638722554891,0.6905228915839289,-0.09589794105636207,0.9829360295692222,2004,False
FGOALS-g3,historical,sfcWind,False,6.417936729813764,6.41452857001337,0.22772544610524129,5-95%,0.8927145708582834,0.06963898099169531,-0.0034081598003943216,0.288438487105937,2004,False
FGOALS-g3,historical,tas,False,286.2543676684717,286.16451216219906,0.6851629687402543,5-95%,0.8822355289421158,0.21542995730207992,-0.0898555062726099,0.9817961058213995,2004,False
FGOALS-g3,historical,tasmax,False,288.58135473133325,288.4554288639518,0.6817240458048754,5-95%,0.8812375249500998,0.2199616249110472,-0.12592586738144695,0.983287872903507,2004,False
FGOALS-g3,historical,tasmin,False,284.11688163894377,283.9886099992398,0.7635149927196393,5-95%,0.876746506986028,0.23497806343559346,-0.12827163970398875,0.9749743397244299,2004,False
FGOALS-g3,historical,ts,False,287.1418675710103,287.0056968886933,0.6532038918988191,5-95%,0.8293413173652695,0.2343282984450894,-0.1361706823170058,0.9790529831752045,2004,False
FGOALS-g3,ssp119,hurs,False,76.9266555401706,77.13256282214971,0.8119430394135705,5-95%,0.8401162790697675,0.2838865395007278,0.2059072819791099,0.9639697743777544,1032,False
FGOALS-g3,ssp119,huss,False,0.009978465291909652,0.010140376485876922,0.0005096453982008284,5-95%,0.6753875968992248,0.00021779595833950607,0.00016191119396727008,0.38101397032803064,1032,False
FGOALS-g3,ssp119,pr,False,3.208901968662744e-05,3.215092624310456e-05,2.852918549449036e-06,5-95%,0.997093023255814,4.719558107145408e-07,6.190655647712503e-08,0.17836370407322744,1032,False
FGOALS-g3,ssp119,psl,False,101190.57518017199,101191.16624273256,42.44514595445737,5-95%,1.0,6.006717238690569,0.5910625605620154,0.9588070889733695,1032,False
FGOALS-g3,ssp119,rsds,False,192.06557442421138,191.69170350067375,3.1835417193035744,5-95%,0.9525193798449613,0.806728190955116,-0.37387092353761503,0.9770862752929749,1032,False
FGOALS-g3,ssp119,sfcWind,False,6.403652175914409,6.388331568056299,0.23405200011970462,5-95%,0.8982558139534884,0.07125956192841375,-0.015320607858110766,0.2199738265085699,1032,False
FGOALS-g3,ssp119,tas,False,287.1700703229091,287.3443600558495,0.7563391101452736,5-95%,0.7868217054263565,0.29579707480656353,0.17428973294043865,0.9626509418694814,1032,False
FGOALS-g3,ssp119,tasmax,False,289.45751571655273,289.6248979494553,0.7463439823121063,5-95%,0.8013565891472868,0.2827458518888605,0.16738223290258727,0.9705030269775996,1032,False
FGOALS-g3,ssp119,tasmin,False,285.06720411315445,285.23814613874566,0.8203291782113016,5-95%,0.8352713178294574,0.3006310354914938,0.17094202559123756,0.9545005448054605,1032,False
FGOALS-g3,ssp119,ts,False,288.0534750768381,288.1763231735821,0.7270116879958513,5-95%,0.8168604651162791,0.27050786267845683,0.12284809674403596,0.9694984734014757,1032,False
FGOALS-g3,ssp126,hurs,False,76.96278371736985,77.15082289082136,0.8135874326839003,5-95%,0.8691860465116279,0.2702331598101852,0.18803917345150498,0.9675667647340224,1032,False
FGOALS-g3,ssp126,huss,False,0.010151549364266826,0.010226410551920716,0.000520336009424844,5-95%,0.8837209302325582,0.0001586313115375883,7.486118765389126e-05,0.6821588822540674,1032,False
FGOALS-g3,ssp126,pr,False,3.219614676032337e-05,3.2273764088674305e-05,2.9264325673092705e-06,5-95%,0.997093023255814,4.902361382003018e-07,7.761732835093401e-08,0.1602384552026076,1032,False
FGOALS-g3,ssp126,psl,False,101188.51590509932,101191.4986449249,42.98076398982558,5-95%,1.0,6.216288458161369,2.9827398255813953,0.955396550314873,1032,False
FGOALS-g3,ssp126,rsds,False,191.40242761419725,191.27631903064344,3.2082254572432163,5-95%,0.9689922480620154,0.7591902487205289,-0.12610858355381593,0.9799529955112934,1032,False
FGOALS-g3,ssp126,sfcWind,False,6.396476453126863,6.386331647865532,0.23485418299371882,5-95%,0.8914728682170543,0.07042181536789865,-0.010144805261331019,0.2594320896668165,1032,False
FGOALS-g3,ssp126,tas,False,287.46652342922005,287.48580876431726,0.7738145931746603,5-95%,0.8846899224806202,0.23321948773266513,0.019285335097203028,0.9765769437636379,1032,False
FGOALS-g3,ssp126,tasmax,False,289.7449870146522,289.7666298622309,0.758402506510417,5-95%,0.8866279069767442,0.22591462731269132,0.021642847578655908,0.9810307457123837,1032,False
FGOALS-g3,ssp126,tasmin,False,285.3735334706861,285.38707301413365,0.8365380634633137,5-95%,0.8992248062015504,0.24183733496472173,0.013539543447569812,0.9702895538741075,1032,False
FGOALS-g3,ssp126,ts,False,288.3447256162185,288.320219291273,0.7436566907306058,5-95%,0.8536821705426356,0.23804939870666744,-0.024506324945492094,0.976164723293414,1032,False
FGOALS-g3,ssp370,hurs,False,77.01267308227776,77.28926090122194,0.8514319796894871,5-95%,0.7451550387596899,0.3508885624031743,0.27658781894417694,0.9437127444259432,1032,False
FGOALS-g3,ssp370,huss,False,0.010667300662170151,0.010627963045944029,0.000551899874315764,5-95%,0.9224806201550387,0.00015244401484906214,-3.933761622612373e-05,0.9124674755938376,1032,False
FGOALS-g3,ssp370,pr,False,3.242892263688543e-05,3.229922175487163e-05,3.2745623395540445e-06,5-95%,0.9922480620155039,5.849901918939142e-07,-1.297008820138006e-07,0.20409067813834347,1032,False
FGOALS-g3,ssp370,psl,False,101182.52107558139,101186.19895379119,46.37732406734496,5-95%,1.0,6.632526308877481,3.677878209786822,0.9485118641775625,1032,False
FGOALS-g3,ssp370,rsds,False,189.07686234999073,188.9457505100457,3.3364054509835657,5-95%,0.9612403100775194,0.7994859297055298,-0.13111183994499984,0.9800193843079398,1032,False
FGOALS-g3,ssp370,sfcWind,False,6.387463195841442,6.3684050962906475,0.24132514138554417,5-95%,0.9060077519379846,0.07269064785484797,-0.01905809955079425,0.2499700553148797,1032,False
FGOALS-g3,ssp370,tas,False,288.33031324637955,288.09197643191317,0.8159397923669158,5-95%,0.7344961240310077,0.3120651108976288,-0.23833681446637178,0.9633975864084277,1032,False
FGOALS-g3,ssp370,tasmax,False,290.5644785563151,290.35063002830327,0.7852820167245791,5-95%,0.750968992248062,0.2971047125450613,-0.21384852801182358,0.9707140242311735,1032,False
FGOALS-g3,ssp370,tasmin,False,286.2775757072508,286.0166217301243,0.8782252526098437,5-95%,0.7393410852713178,0.33176134777717675,-0.2609539771264832,0.9528085824931836,1032,False
FGOALS-g3,ssp370,ts,False,289.1888217482456,288.93706805207006,0.7873896221781881,5-95%,0.687015503875969,0.3265773625234429,-0.25175369617550736,0.9602224652903741,1032,False
FGOALS-g3,ssp434,hurs,False,76.98671050404393,77.1903470948685,0.8204880426096361,5-95%,0.8478682170542635,0.2785419561262995,0.20363659082457078,0.9648857336100597,1032,False
FGOALS-g3,ssp434,huss,False,0.01023098848518268,0.010236502831707867,0.0005172725727189619,5-95%,0.9602713178294574,0.00012319077851080887,5.5143465251873035e-06,0.8307306930144778,1032,False
FGOALS-g3,ssp434,pr,False,3.220603675376773e-05,3.220298487026729e-05,2.9743021429546154e-06,5-95%,0.9961240310077519,5.109434925487996e-07,-3.051883500437623e-09,0.17575935528219055,1032,False
FGOALS-g3,ssp434,psl,False,101188.00298267926,101191.72837936046,43.68915031492248,5-95%,1.0,6.565296738319457,3.72539668120155,0.9494302757653215,1032,False
FGOALS-g3,ssp434,rsds,False,190.81197473984355,190.68320849514748,3.2294942279194676,5-95%,0.9505813953488372,0.848821627567797,-0.12876624469609113,0.9760845000363071,1032,False
FGOALS-g3,ssp434,sfcWind,False,6.4138734225154845,6.38703833624374,0.2360657157824021,5-95%,0.8856589147286822,0.07716396975595433,-0.02683508627174436,0.13278125932800977,1032,False
FGOALS-g3,ssp434,tas,False,287.57906681622643,287.48624594636664,0.7684539972349652,5-95%,0.9302325581395349,0.20650718255450867,-0.0928208698597985,0.9816642877509029,1032,False
FGOALS-g3,ssp434,tasmax,False,289.8342381558677,289.77012785090955,0.7497829466827158,5-95%,0.938953488372093,0.19911551213421652,-0.06411030495813513,0.9852618254722373,1032,False
FGOALS-g3,ssp434,tasmin,False,285.50293690289635,285.39279810587567,0.830079987991688,5-95%,0.9312015503875969,0.21849353337017433,-0.11013879702072592,0.9758810880553046,1032,False
FGOALS-g3,ssp434,ts,False,288.4570874946062,288.3244664096093,0.7382481892903651,5-95%,0.8846899224806202,0.22948320833240013,-0.13262108499689515,0.9778776870291334,1032,False
FGOALS-g3,ssp460,hurs,False,77.02017378252606,77.25024150138678,0.8374155916908915,5-95%,0.8197674418604651,0.3006829463971599,0.23006771886071495,0.9591815512774863,1032,False
FGOALS-g3,ssp460,huss,False,0.010385477835991076,0.010466891043104701,0.0005405311763301023,5-95%,0.8604651162790697,0.00018974735547594014,8.141320711362546e-05,0.7235649414440655,1032,False
FGOALS-g3,ssp460,pr,False,3.221592070506511e-05,3.234145581228059e-05,3.1380440033490584e-06,5-95%,0.9883720930232558,6.073955847324204e-07,1.2553510721547304e-07,-0.07410979840331766,1032,False
FGOALS-g3,ssp460,psl,False,101186.3781189438,101189.63387990552,45.178506540697676,5-95%,1.0,6.31860390461648,3.255760961724806,0.9532494079051758,1032,False
FGOALS-g3,ssp460,rsds,False,189.93881139829176,189.6689966630566,3.2843991065210134,5-95%,0.9428294573643411,0.8888639962252737,-0.2698147352351686,0.9748917022133158,1032,False
FGOALS-g3,ssp460,sfcWind,False,6.401785016983979,6.377041739086772,0.23931286362714546,5-95%,0.8846899224806202,0.07466990421247992,-0.024743277897206387,0.09835955827932108,1032,False
FGOALS-g3,ssp460,tas,False,287.8341087814449,287.8470926802288,0.7992340797601741,5-95%,0.8507751937984496,0.2716307809292573,0.012983898783839962,0.9691743368624453,1032,False
FGOALS-g3,ssp460,tasmax,False,290.08530837066417,290.11869986482367,0.7735291710195613,5-95%,0.8294573643410853,0.2778395144087997,0.0333914941595514,0.9720045470025374,1032,False
FGOALS-g3,ssp460,tasmin,False,285.76506867519646,285.7669836532238,0.8612305988637061,5-95%,0.873062015503876,0.27331922203139947,0.0019149780273440254,0.9635922793421373,1032,False
FGOALS-g3,ssp460,ts,False,288.7004580238993,288.68829635501834,0.7702520799267195,5-95%,0.8197674418604651,0.2757239817391871,-0.012161668880963431,0.9687176893789687,1032,False
FGOALS-g3,ssp585,hurs,True,77.03511596650117,77.30970702799716,0.8727474582287692,5-95%,0.7606589147286822,0.35138875187142604,0.2745910614959953,0.9436683515152877,1032,False
FGOALS-g3,ssp585,huss,True,0.010777234696321025,0.010927528493979884,0.0005868798692154803,5-95%,0.687015503875969,0.00032793639932460666,0.00015029379765885788,0.7002595791265729,1032,False
FGOALS-g3,ssp585,pr,True,3.2485346884443924e-05,3.2802275358716184e-05,3.428002231843028e-06,5-95%,0.9796511627906976,7.678605803173587e-07,3.16928474272262e-07,-0.2077050934036071,1032,False
FGOALS-g3,ssp585,psl,True,101181.77533763324,101185.94292030038,47.2211421996124,5-95%,1.0,7.521543877220083,4.167582667151163,0.9328687355046343,1032,False
FGOALS-g3,ssp585,rsds,True,188.82549543158953,188.8923185333725,3.3839922764504586,5-95%,0.9234496124031008,0.9781674151841542,0.06682310178298392,0.9711902722965334,1032,False
FGOALS-g3,ssp585,sfcWind,True,6.382155201693838,6.35490957664889,0.24581837053446806,5-95%,0.8875968992248062,0.07828786374795277,-0.02724562504494835,0.1699789158898819,1032,False
FGOALS-g3,ssp585,tas,True,288.51368849406873,288.5605049133301,0.8698949000632111,5-95%,0.7102713178294574,0.39714257150279625,0.046816419261372554,0.9455548609625073,1032,False
FGOALS-g3,ssp585,tasmax,True,290.73957180052764,290.81443322351737,0.8290565549865244,5-95%,0.6918604651162791,0.40376220976434746,0.07486142298972186,0.9494593735436274,1032,False
FGOALS-g3,ssp585,tasmin,True,286.4703999896382,286.47286197751066,0.9268612824669191,5-95%,0.7596899224806202,0.36623063654246346,0.002461987872456891,0.9483740614875215,1032,False
FGOALS-g3,ssp585,ts,True,289.37125219300736,289.40122684212616,0.8453076384788337,5-95%,0.6802325581395349,0.4053868543248564,0.029974649118823554,0.9434516741582659,1032,False
GFDL-CM4,abrupt-4xCO2,hurs,True,77.33145545111762,77.82873969184028,0.9166271675957574,5-95%,0.43944444444444447,0.5835694032533102,0.49728424072265626,0.41748997172674607,1800,False
GFDL-CM4,abrupt-4xCO2,huss,True,0.012067884414767176,0.012174336239178098,0.0008310440715609318,5-95%,0.6722222222222223,0.0004863369845331953,0.00010645182441092096,0.6089062475408051,1800,False
GFDL-CM4,abrupt-4xCO2,pr,True,3.5732921235952136e-05,3.595921901352186e-05,3.912024745255217e-06,5-95%,0.96,7.984140469783947e-07,2.2629777756972343e-07,0.25262441846958905,1800,False
GFDL-CM4,abrupt-4xCO2,psl,True,101078.83422743056,101053.99155381945,50.31603732638889,5-95%,0.4922222222222222,27.614170987084293,-24.84267361111111,-3.4313914300023898,1800,False
GFDL-CM4,abrupt-4xCO2,rsds,True,185.9326013522678,186.34271866692438,3.506937611897787,5-95%,0.8316666666666667,1.2889813164617177,0.4101173146565769,0.9542030034270226,1800,False
GFDL-CM4,abrupt-4xCO2,sfcWind,True,6.273811475170983,6.28309476296107,0.26412698215908476,5-95%,0.8666666666666667,0.08671189941899424,0.009283287790086532,0.43703586549433093,1800,False
GFDL-CM4,abrupt-4xCO2,tas,True,290.8588180033366,290.6255865139431,1.247663370768229,5-95%,0.5138888888888888,0.7878580794999468,-0.23323148939344546,0.7619798013433745,1800,False
GFDL-CM4,abrupt-4xCO2,tasmax,True,292.73290705362956,292.39433500501843,1.1579735480414501,5-95%,0.45166666666666666,0.8060937241664675,-0.3385720486111092,0.7582789737075387,1800,False
GFDL-CM4,abrupt-4xCO2,tasmin,True,288.9534790547689,288.8229785664876,1.2833621554904504,5-95%,0.5488888888888889,0.782679522456348,-0.1305004882812485,0.750843279121472,1800,False
GFDL-CM4,abrupt-4xCO2,ts,True,291.8473358832465,291.66410605536566,1.2172115410698798,5-95%,0.525,0.7632147016335744,-0.18322982788085837,0.7703314248148057,1800,False
GFDL-CM4,hist-nat,hurs,False,77.59207461114023,77.64117885664398,0.8200890335382199,5-95%,0.9230392156862746,0.2244339805933712,0.04910424550374349,0.8880847826761805,2040,False
GFDL-CM4,hist-nat,huss,False,0.00919361622483629,0.009279923534532046,0.00045815081079946896,5-95%,0.9406862745098039,0.00011942075189384515,8.630730969575488e-05,0.9135864368714277,2040,False
GFDL-CM4,hist-nat,pr,False,3.3615240906382336e-05,3.350143385842767e-05,2.482105997735155e-06,5-95%,0.9970588235294118,3.8117505341630995e-07,-1.1380704795466915e-07,0.7044677972725004,2040,False
GFDL-CM4,hist-nat,psl,False,101044.61993719362,101048.47724034927,43.78618259803922,5-95%,0.9950980392156863,10.01714905312226,3.857303155637255,0.666468843084632,2040,False
GFDL-CM4,hist-nat,rsds,False,190.96734258614333,191.0364030351826,2.8248656403784658,5-95%,0.9401960784313725,0.7425480550853548,0.06906044903923628,0.98741957115975,2040,False
GFDL-CM4,hist-nat,sfcWind,False,6.408184349069408,6.396875655651092,0.22908209866168452,5-95%,0.8754901960784314,0.07368007762138448,-0.011308693418315805,0.46630400408410444,2040,False
GFDL-CM4,hist-nat,tas,False,285.87275478886625,285.8135313744638,0.7254660213694858,5-95%,0.9759803921568627,0.1578539116070213,-0.05922341440238152,0.9879554037423153,2040,False
GFDL-CM4,hist-nat,tasmax,False,287.78923953187234,287.798616327024,0.7159983915441174,5-95%,0.9823529411764705,0.14878928355974527,0.009376795151655638,0.9893212596048643,2040,False
GFDL-CM4,hist-nat,tasmin,False,283.88900400797525,283.81328038234335,0.8079740337297026,5-95%,0.9700980392156863,0.17417909995674258,-0.07572362563189182,0.9845768580768242,2040,False
GFDL-CM4,hist-nat,ts,False,287.0388792150161,286.8452501035204,0.6784713894713152,5-95%,0.7852941176470588,0.2530499480294364,-0.19362911149567147,0.9697036014219613,2040,False
GFDL-CM4,historical,hurs,False,77.63873163088404,77.7132009949347,0.8156415573274246,5-95%,0.9303030303030303,0.22354074575538888,0.07446936405066287,0.8883588412785787,1980,False
GFDL-CM4,historical,huss,False,0.009294212681024918,0.009401489695947984,0.00047672131578579074,5-95%,0.9232323232323232,0.00013591013166891857,0.00010727701492306555,0.8969674881319158,1980,False
GFDL-CM4,historical,pr,False,3.350971011160355e-05,3.339204417760343e-05,2.492839997681916e-06,5-95%,0.998989898989899,3.8699290466948203e-07,-1.1766593400012665e-07,0.6615297923640313,1980,False
GFDL-CM4,historical,psl,False,101045.95023674243,101044.65543718434,44.51785037878788,5-95%,0.9747474747474747,9.845504712482807,-1.294799558080808,0.6603023309357965,1980,False
GFDL-CM4,historical,rsds,False,189.81869999278675,189.74926207571318,3.044401689009232,5-95%,0.945959595959596,0.7467725094795903,-0.06943791707356602,0.9882981892542816,1980,False
GFDL-CM4,historical,sfcWind,False,6.415286805172159,6.396558304266496,0.23016709197651256,5-95%,0.8702020202020202,0.07530506178040619,-0.01872850090566306,0.407268333301098,1980,False
GFDL-CM4,historical,tas,False,286.02939781420156,286.0261152479384,0.7608298561789768,5-95%,0.9828282828282828,0.15632995602382865,-0.0032825662632163673,0.9880945357614105,1980,False
GFDL-CM4,historical,tasmax,False,287.91604913268424,287.99852601638946,0.747935285471907,5-95%,0.9601010101010101,0.179252856262623,0.0824768837052182,0.9843610035007575,1980,False
GFDL-CM4,historical,tasmin,False,284.0752334286468,284.0746791492809,0.8420983670937897,5-95%,0.9813131313131314,0.17514137887722905,-0.0005542793659233521,0.9843552176924915,1980,False
GFDL-CM4,historical,ts,False,287.20224134657116,287.06642234108665,0.7132092870847139,5-95%,0.8838383838383839,0.21645422826021685,-0.1358190054845316,0.9776306319314361,1980,False
GFDL-CM4,ssp585,hurs,True,77.75737171025239,77.95951088454372,0.8699065215827883,5-95%,0.7858527131782945,0.36929871728088604,0.2021391742913298,0.7189283306116225,1032,False
GFDL-CM4,ssp585,huss,True,0.010898806401095196,0.01129688088630516,0.0006705379932974441,5-95%,0.4844961240310077,0.000491273038728326,0.0003980744852099655,0.712927544065226,1032,False
GFDL-CM4,ssp585,pr,True,3.4684198700522604e-05,3.5004263725906726e-05,3.4892665775429163e-06,5-95%,0.9777131782945736,6.839850026463512e-07,3.2006502538412286e-07,0.38868961396765644,1032,False
GFDL-CM4,ssp585,psl,True,101063.03290031492,101047.10988220687,50.26851683624031,5-95%,0.750968992248062,19.941302038277172,-15.923018108042635,-0.5200151772407602,1032,False
GFDL-CM4,ssp585,rsds,True,186.16225402299747,185.82085502979368,3.467902649280636,5-95%,0.9031007751937985,0.9904884817095438,-0.3413989932038057,0.9792006837445633,1032,False
GFDL-CM4,ssp585,sfcWind,True,6.376126376695411,6.325387709362563,0.2513286023176918,5-95%,0.8323643410852714,0.09256415020709191,-0.05073866733284884,0.26151834324085776,1032,False
GFDL-CM4,ssp585,tas,True,288.8445709879084,289.17175133283746,1.0141820390095084,5-95%,0.7451550387596899,0.4752256807329329,0.32718034492906806,0.9361158951153189,1032,False
GFDL-CM4,ssp585,tasmax,True,290.6655151899471,291.02336318733154,0.9607258582299998,5-95%,0.7073643410852714,0.46418562687398995,0.3578479973844787,0.9396774934435991,1032,False
GFDL-CM4,ssp585,tasmin,True,286.97509292484256,287.3495347961899,1.0643592657044874,5-95%,0.7315891472868217,0.5009188099739206,0.37444187134735407,0.9274139163702159,1032,False
GFDL-CM4,ssp585,ts,True,289.93077933141427,290.22197161534035,0.9870299405829854,5-95%,0.7354651162790697,0.4844252942072209,0.29119228392608465,0.9315446409808797,1032,False
GFDL-ESM4,abrupt-4xCO2,hurs,True,78.15314922332763,78.49768871307373,0.9247257317437066,5-95%,0.6366666666666667,0.47820747193253127,0.3445394897460938,0.4037072359211429,1800,False
GFDL-ESM4,abrupt-4xCO2,huss,True,0.011882206923845692,0.012038185684941657,0.0007522891430805127,5-95%,0.8122222222222222,0.000339344602389851,0.00015597876109596729,0.6902405338738987,1800,False
GFDL-ESM4,abrupt-4xCO2,pr,True,3.563399730410311e-05,3.668805145328709e-05,3.9305120844801424e-06,5-95%,0.8261111111111111,1.2568815426981558e-06,1.0540541491839878e-06,-1.2364028415303876,1800,False
GFDL-ESM4,abrupt-4xCO2,psl,True,101077.75009114583,101039.45409722222,51.46985677083333,5-95%,0.17166666666666666,40.31321071043606,-38.295993923611114,-8.987057155929088,1800,False
GFDL-ESM4,abrupt-4xCO2,rsds,True,184.7074542490641,185.0124338277181,3.4774554612901474,5-95%,0.9044444444444445,1.054592234604943,0.3049795786539719,0.9723811543348976,1800,False
GFDL-ESM4,abrupt-4xCO2,sfcWind,True,6.271703858640459,6.2623917412757875,0.26039835929870603,5-95%,0.9111111111111111,0.07679069005936884,-0.009312117364671484,0.47415942259475197,1800,False
GFDL-ESM4,abrupt-4xCO2,tas,True,290.4260473293728,290.2958061726888,1.092715657552084,5-95%,0.85,0.4662508889633223,-0.13024115668402614,0.8906412654953686,1800,False
GFDL-ESM4,abrupt-4xCO2,tasmax,True,292.26033196343315,292.0543085394965,1.007509426540799,5-95%,0.75,0.4787568466561813,-0.20602342393663103,0.8912156137815012,1800,False
GFDL-ESM4,abrupt-4xCO2,tasmin,True,288.56365882025824,288.57837678697376,1.1571308898925776,5-95%,0.9,0.46161940492930753,0.014717966715496245,0.8827070416014997,1800,False
GFDL-ESM4,abrupt-4xCO2,ts,True,291.52527218288844,291.2735010443793,1.0660965813530816,5-95%,0.7288888888888889,0.5087183627470632,-0.251771138509113,0.8645822855481854,1800,False
GFDL-ESM4,historical,hurs,False,78.10654998548102,77.96684433908173,0.8292470835676097,5-95%,0.8494949494949495,0.27777737234072747,-0.1397056463992957,0.6614658427254418,1980,False
GFDL-ESM4,historical,huss,False,0.00968213100174456,0.009728963286945114,0.0004476902183295788,5-95%,0.946969696969697,0.00011104500527083019,4.6832285200555455e-05,0.9375399194762211,1980,False
GFDL-ESM4,historical,pr,False,3.424704779782321e-05,3.395117831068358e-05,2.5678245249149068e-06,5-95%,0.9954545454545455,5.39358659516173e-07,-2.958694871396268e-07,0.41045895599900384,1980,False
GFDL-ESM4,historical,psl,False,101049.95882260101,101063.9142834596,43.820249368686866,5-95%,0.7621212121212121,17.881542609504514,13.955460858585859,-0.2909714440075635,1980,False
GFDL-ESM4,historical,rsds,False,189.11928763341422,189.36629607075392,3.044176167189472,5-95%,0.9358585858585858,0.8099840341007131,0.24700843733970698,0.9857874525772136,1980,False
GFDL-ESM4,historical,sfcWind,False,6.365812984861509,6.351692654147293,0.23088934301125882,5-95%,0.8454545454545455,0.07967202632111745,-0.014120330714216128,0.3709865570641797,1980,False
GFDL-ESM4,historical,tas,False,286.7399507927172,286.63184848361544,0.6978113964350535,5-95%,0.8954545454545455,0.20595699265809306,-0.10810230910175858,0.9794288354290244,1980,False
GFDL-ESM4,historical,tasmax,False,288.58370023785216,288.6287347504587,0.6830804844095243,5-95%,0.9464646464646465,0.17826564581234558,0.0450345126065349,0.9847742835134731,1980,False
GFDL-ESM4,historical,tasmin,False,284.82753866176415,284.6783989029701,0.7872398299400253,5-95%,0.8676767676767677,0.2440214657253139,-0.14913975879399372,0.9695082220688156,1980,False
GFDL-ESM4,historical,ts,False,287.95495388146605,287.5809987694326,0.6560260194720648,5-95%,0.40505050505050505,0.4199384906467537,-0.37395511203341847,0.9127954065984814,1980,False
GFDL-ESM4,ssp119,hurs,False,78.08170097558073,78.22246448014134,0.8179901773615401,5-95%,0.8498062015503876,0.2842995687501331,0.14076350456060366,0.6487965702513884,1032,False
GFDL-ESM4,ssp119,huss,False,0.010217111344745176,0.010455683564998217,0.0005300530014097581,5-95%,0.4941860465116279,0.00027021239691131597,0.000238572220253041,0.6542646950957935,1032,False
GFDL-ESM4,ssp119,pr,False,3.4624097140273756e-05,3.4745487856391915e-05,2.933098694625222e-06,5-95%,0.998062015503876,4.623334539836238e-07,1.2139071611815684e-07,0.5741233629129958,1032,False
GFDL-ESM4,ssp119,psl,False,101055.58296996124,101052.66398679747,44.22869731104651,5-95%,0.9282945736434108,11.408465120621852,-2.91898316375969,0.38166325321891514,1032,False
GFDL-ESM4,ssp119,rsds,False,188.27492239308913,187.6479136592658,3.226666590964147,5-95%,0.8701550387596899,1.0778227262023659,-0.6270087338233178,0.9735160075468487,1032,False
GFDL-ESM4,ssp119,sfcWind,False,6.363525927528855,6.325896295004113,0.23816193212834438,5-95%,0.8207364341085271,0.08701504461106627,-0.037629632524741705,0.2115738474257649,1032,False
GFDL-ESM4,ssp119,tas,False,287.69490332196847,287.8677277675895,0.7876857787139665,5-95%,0.8488372093023255,0.2760532196148054,0.1728244456209892,0.9608074732237777,1032,False
GFDL-ESM4,ssp119,tasmax,False,289.50812234804613,289.78422676500423,0.7528692733409791,5-95%,0.6802325581395349,0.34038460550348987,0.2761044169581221,0.9423040025879202,1032,False
GFDL-ESM4,ssp119,tasmin,False,285.8154970213424,286.0479411043862,0.8668350397154333,5-95%,0.813953488372093,0.3287489130673038,0.232444083043773,0.9401057208087229,1032,False
GFDL-ESM4,ssp119,ts,False,288.89988430525904,288.82392791629763,0.7516613745874223,5-95%,0.875968992248062,0.2331079317426885,-0.07595638896143664,0.9712584592180487,1032,False
GFDL-ESM4,ssp126,hurs,False,78.10944148366765,78.2494130910829,0.8223817071249319,5-95%,0.8662790697674418,0.2722016234997939,0.13997160741525103,0.6911936592639739,1032,False
GFDL-ESM4,ssp126,huss,False,0.010344057360144154,0.010548684328195208,0.0005414126072685392,5-95%,0.6560077519379846,0.00023904534072680982,0.0002046269680510546,0.7414542973474616,1032,False
GFDL-ESM4,ssp126,pr,False,3.466451336101082e-05,3.489297588139591e-05,3.014897865514215e-06,5-95%,0.9961240310077519,4.985034619017249e-07,2.2846252038509064e-07,0.5402865150070899,1032,False
GFDL-ESM4,ssp126,psl,False,101057.06068313954,101052.4974639656,44.93232194767442,5-95%,0.9050387596899225,12.405743724304408,-4.563219173934108,0.23226666285989395,1032,False
GFDL-ESM4,ssp126,rsds,False,187.75445997252945,187.24252397699874,3.2413339097370484,5-95%,0.8885658914728682,0.9890400674637541,-0.5119359955307115,0.9775838575548507,1032,False
GFDL-ESM4,ssp126,sfcWind,False,6.358206923617873,6.32483291441156,0.2390696447949077,5-95%,0.8178294573643411,0.08795365649308737,-0.03337400920631348,0.21853459708723244,1032,False
GFDL-ESM4,ssp126,tas,False,287.89879081785216,288.0141427978989,0.800741861032885,5-95%,0.937015503875969,0.22578063538088322,0.11535198004670999,0.9741367093290274,1032,False
GFDL-ESM4,ssp126,tasmax,False,289.7099006711975,289.9234047231748,0.7656111606331761,5-95%,0.8381782945736435,0.27843366124360014,0.2135040519773514,0.9619367568755126,1032,False
GFDL-ESM4,ssp126,tasmin,False,286.0245434073515,286.2091264650803,0.8825044262316805,5-95%,0.9021317829457365,0.28104791163984155,0.1845830577288502,0.9568252339221509,1032,False
GFDL-ESM4,ssp126,ts,False,289.0949032509974,288.9746237170789,0.7657359515049655,5-95%,0.8808139534883721,0.2369430217765001,-0.1202795339185122,0.9707371426842718,1032,False
GFDL-ESM4,ssp370,hurs,False,78.22115920310797,78.43036634607833,0.8636782150859981,5-95%,0.7645348837209303,0.36073361498575884,0.20920714297035867,0.48804672741523825,1032,False
GFDL-ESM4,ssp370,huss,False,0.010835819613267872,0.010974229962290614,0.0005753129908396297,5-95%,0.8536821705426356,0.0001951156247200713,0.00013841034902274153,0.9209766872529965,1032,False
GFDL-ESM4,ssp370,pr,False,3.4377624033791214e-05,3.507768379261175e-05,3.374703917574533e-06,5-95%,0.8972868217054264,9.496562723393844e-07,7.000597588205348e-07,-0.8581853662048571,1032,False
GFDL-ESM4,ssp370,psl,False,101063.61511325097,101044.68522135417,49.29430868459303,5-95%,0.6337209302325582,25.948785744614362,-18.929891896802324,-2.190488991820206,1032,False
GFDL-ESM4,ssp370,rsds,False,184.12567920832672,184.99015550835188,3.390032938284467,5-95%,0.8391472868217055,1.2270511935301462,0.8644763000251723,0.9691652416443053,1032,False
GFDL-ESM4,ssp370,sfcWind,False,6.323384751645169,6.30964045469151,0.24662304340406907,5-95%,0.8459302325581395,0.08289316849379505,-0.013744296953659639,0.3440391930560084,1032,False
GFDL-ESM4,ssp370,tas,False,288.6642747923385,288.62757636964784,0.8450161246366279,5-95%,0.9864341085271318,0.1701295341013694,-0.03669842269069382,0.9888116968507673,1032,False
GFDL-ESM4,ssp370,tasmax,False,290.44774500528973,290.49610457309456,0.7957918329756382,5-95%,0.9825581395348837,0.16664963824835338,0.048359567804854925,0.9894604713082886,1032,False
GFDL-ESM4,ssp370,tasmin,False,286.8294133326804,286.862949282624,0.9257307717966473,5-95%,0.9903100775193798,0.17807798763751553,0.03353594994360316,0.9872204533061727,1032,False
GFDL-ESM4,ssp370,ts,False,289.82636379271514,289.60448852065923,0.8135601309842839,5-95%,0.7994186046511628,0.28521122857019,-0.2218752720559274,0.9674573102408798,1032,False
GFDL-ESM4,ssp585,hurs,True,78.17039500096048,78.4858512582705,0.8858541518218758,5-95%,0.6686046511627907,0.46761501975536274,0.3154562573100245,0.23159047965952528,1032,False
GFDL-ESM4,ssp585,huss,True,0.010948576744241491,0.011299896184824241,0.0006117320749475499,5-95%,0.4699612403100775,0.0004458009838097643,0.0003513194405827522,0.6703503285096011,1032,False
GFDL-ESM4,ssp585,pr,True,3.464419718469333e-05,3.567322404663617e-05,3.539144194108712e-06,5-95%,0.7994186046511628,1.3156918695840021e-06,1.029026861942839e-06,-2.0040911959043877,1032,False
GFDL-ESM4,ssp585,psl,True,101065.3566042878,101043.98724412548,50.06764777131783,5-95%,0.5988372093023255,30.24396466465156,-21.3693601623062,-2.89319801619304,1032,False
GFDL-ESM4,ssp585,rsds,True,184.9725687337476,184.9088922397111,3.4399424412453814,5-95%,0.9205426356589147,0.9652598608308606,-0.06367649403653412,0.9793654169065462,1032,False
GFDL-ESM4,ssp585,sfcWind,True,6.328291804753532,6.297031496846398,0.2503136950869893,5-95%,0.8284883720930233,0.09126175868250633,-0.03126030790713406,0.2642272118658977,1032,False
GFDL-ESM4,ssp585,tas,True,288.86882690311404,289.11435501335205,0.8985766033793592,5-95%,0.7616279069767442,0.40007379846124397,0.24552811023801113,0.9443436793348751,1032,False
GFDL-ESM4,ssp585,tasmax,True,290.65239334106445,290.9598490692848,0.8426997162574941,5-95%,0.7073643410852714,0.4055159855068178,0.30745572822038636,0.9439739268279612,1032,False
GFDL-ESM4,ssp585,tasmin,True,287.0338029491809,287.35147156826287,0.9737175046935562,5-95%,0.7325581395348837,0.45499660767697425,0.3176686190819578,0.9251892568775631,1032,False
GFDL-ESM4,ssp585,ts,True,290.03202911495237,290.09284937658975,0.8702978976937236,5-95%,0.7732558139534884,0.3523395300325236,0.060820261637371115,0.955220678442403,1032,False
GISS-E2-1-G,abrupt-2xCO2,hurs,False,77.69105754428439,78.05883972476227,0.8217794437601109,5-95%,0.5494949494949495,0.44424369077834164,0.3677821804778744,0.8344372073576624,1980,False
GISS-E2-1-G,abrupt-2xCO2,huss,False,0.01117347917622985,0.0112321328931497,0.0005956877629752413,5-95%,0.8111111111111111,0.00022091961208667472,5.8653716919850074e-05,0.6173268848434836,1980,False
GISS-E2-1-G,abrupt-2xCO2,pr,False,3.515295010944064e-05,3.565951841242489e-05,3.830918155077285e-06,5-95%,0.9868686868686869,7.18009573004119e-07,5.065683029842506e-07,-0.8228662838835663,1980,False
GISS-E2-1-G,abrupt-2xCO2,psl,False,100984.49522174874,100990.96397964015,47.03093828914142,5-95%,1.0,8.11382828665101,6.468757891414142,0.8480904658173712,1980,False
GISS-E2-1-G,abrupt-2xCO2,rsds,False,184.89284801290492,183.23215799813318,3.81881902675436,5-95%,0.591919191919192,1.9309339339310092,-1.6606900147717392,0.879063400890826,1980,False
GISS-E2-1-G,abrupt-2xCO2,sfcWind,False,5.742677123137195,5.733098370378667,0.24989164935217964,5-95%,0.9348484848484848,0.06807210806276688,-0.009578752758527034,0.4239728507168783,1980,False
GISS-E2-1-G,abrupt-2xCO2,tas,False,288.8936039317738,289.0827871611624,0.9851701062135021,5-95%,0.8267676767676768,0.3700034322344265,0.18918322938861418,0.9135198699430894,1980,False
GISS-E2-1-G,abrupt-2xCO2,tasmax,False,290.81548989035866,291.0586737584586,0.9642274490510577,5-95%,0.7868686868686868,0.3913920031395609,0.24318386809994594,0.9112072172979463,1980,False
GISS-E2-1-G,abrupt-2xCO2,tasmin,False,286.96655345878213,287.217553048182,1.0415973393604012,5-95%,0.8015151515151515,0.4176952040862577,0.2509995893998592,0.8758401015856006,1980,False
GISS-E2-1-G,abrupt-2xCO2,ts,False,289.73115279072465,289.9742662217882,0.9228664205531883,5-95%,0.759090909090909,0.3939839417623447,0.24311343106356686,0.8931962636694443,1980,False
GISS-E2-1-G,abrupt-4xCO2,hurs,True,77.2845381958316,78.00337325202094,0.9912514233829999,5-95%,0.25404040404040407,0.8042069679965248,0.7188350561893347,0.5605224360914656,1980,True
GISS-E2-1-G,abrupt-4xCO2,huss,True,0.012412950393715544,0.01277986474363411,0.0008095767494817863,5-95%,0.548989898989899,0.0004955590371012852,0.0003669143499185652,-0.28449297709767585,1980,False
GISS-E2-1-G,abrupt-4xCO2,pr,True,3.5688211987276604e-05,3.774971016419574e-05,4.9730934173420235e-06,5-95%,0.5267676767676768,2.150695508000053e-06,2.0614981769191364e-06,-11.033520348592578,1980,True
GISS-E2-1-G,abrupt-4xCO2,psl,True,100969.0381707702,100984.30819128788,54.9990569760101,5-95%,0.9378787878787879,16.667648837655847,15.270020517676768,0.41925793323506655,1980,False
GISS-E2-1-G,abrupt-4xCO2,rsds,True,181.82788767188487,179.49220374521582,4.2778088887532535,5-95%,0.38737373737373737,2.6436640135655027,-2.3356839266690326,0.732821268468811,1980,True
GISS-E2-1-G,abrupt-4xCO2,sfcWind,True,5.715547161632114,5.691467525260617,0.276783985080141,5-95%,0.9287878787878788,0.07565924326029728,-0.02407963637149694,0.3039866634492233,1980,False
GISS-E2-1-G,abrupt-4xCO2,tas,True,290.761548514318,291.5879244717685,1.2770011362403335,5-95%,0.30656565656565654,0.9417380853792645,0.8263759574504822,0.5099795310005546,1980,False
GISS-E2-1-G,abrupt-4xCO2,tasmax,True,292.64194929334855,293.52027623340337,1.1994429463087908,5-95%,0.2308080808080808,0.9817267756853755,0.8783269400548465,0.5041835782147299,1980,False
GISS-E2-1-G,abrupt-4xCO2,tasmin,True,288.8730709499783,289.7547321666371,1.3164618443961094,5-95%,0.295959595959596,0.995411984057989,0.8816612166587768,0.3931591535397263,1980,False
GISS-E2-1-G,abrupt-4xCO2,ts,True,291.49143747657234,292.47255068692294,1.2213671597567466,5-95%,0.15858585858585858,1.0725418056069613,0.9811132103505784,0.3089173737635932,1980,False
GISS-E2-1-G,hist-GHG,hurs,False,77.90233513032547,78.09738329492434,0.8191783982093888,5-95%,0.7828282828282829,0.31921066928532554,0.19504816459886956,0.9126444948478717,1980,False
GISS-E2-1-G,hist-GHG,huss,False,0.010275276342049344,0.010370938688742346,0.0004890816380279246,5-95%,0.7914141414141415,0.00017372270154191968,9.5662346693001e-05,0.7978855550573227,1980,False
GISS-E2-1-G,hist-GHG,pr,False,3.452375643826948e-05,3.490776339046965e-05,3.164410767879812e-06,5-95%,0.9919191919191919,5.523169973003193e-07,3.8400695220016957e-07,-0.1637758803276379,1980,False
GISS-E2-1-G,hist-GHG,psl,False,100997.7611584596,100995.04137073863,44.62578125,5-95%,0.9994949494949495,6.140067387539512,-2.7197877209595958,0.9168131831058224,1980,False
GISS-E2-1-G,hist-GHG,rsds,False,187.4000016029435,186.49899496213354,3.4242863433529624,5-95%,0.7954545454545454,1.2817156668487308,-0.9010066408099539,0.9472440041496906,1980,False
GISS-E2-1-G,hist-GHG,sfcWind,False,5.755268397716561,5.750693909086363,0.2372393639400752,5-95%,0.9242424242424242,0.0658645525308338,-0.004574488630198458,0.42813768308270217,1980,False
GISS-E2-1-G,hist-GHG,tas,False,287.3412359526663,287.48544622864387,0.8313642405500313,5-95%,0.9151515151515152,0.23876290629124847,0.14421027597755057,0.9692291091016768,1980,False
GISS-E2-1-G,hist-GHG,tasmax,False,289.3127306234957,289.4684296733201,0.8418747564758916,5-95%,0.9176767676767676,0.2447850355485928,0.15569904982441743,0.9696457901378753,1980,False
GISS-E2-1-G,hist-GHG,tasmin,False,285.36303510569564,285.5123720727786,0.8992100262882736,5-95%,0.9323232323232323,0.2515536239164009,0.1493369670829403,0.9625731428484107,1980,False
GISS-E2-1-G,hist-GHG,ts,False,288.25351685803344,288.3640231354068,0.7708959560201628,5-95%,0.9252525252525252,0.21596324454883564,0.11050627737334412,0.9729695816469279,1980,False
GISS-E2-1-G,hist-aer,hurs,False,77.94608434811987,78.07311907681552,0.8294927346585977,5-95%,0.8691919191919192,0.27267860264011273,0.12703472869564789,0.9335916947684774,1980,False
GISS-E2-1-G,hist-aer,huss,False,0.009858459395572795,0.009969828022888465,0.00044958722787071903,5-95%,0.7116161616161616,0.0001886163191871118,0.0001113686273156694,0.620930294458662,1980,False
GISS-E2-1-G,hist-aer,pr,False,3.4106483410986854e-05,3.46940546818348e-05,2.938269692939951e-06,5-95%,0.9646464646464646,7.086127914428363e-07,5.875712708479519e-07,-1.222675796492687,1980,False
GISS-E2-1-G,hist-aer,psl,False,101004.33607559974,101001.6147332702,44.75364583333333,5-95%,0.9994949494949495,6.344713527290343,-2.7213423295454544,0.9083968264183775,1980,False
GISS-E2-1-G,hist-aer,rsds,False,187.36776748811357,187.04070150972618,3.3206736632067737,5-95%,0.8984848484848484,1.0072614204482917,-0.32706597838738866,0.9683485065576747,1980,False
GISS-E2-1-G,hist-aer,sfcWind,False,5.759853087049542,5.766672697211757,0.23318527322826962,5-95%,0.9237373737373737,0.06527469152025756,0.006819610162214812,0.3659827423166383,1980,False
GISS-E2-1-G,hist-aer,tas,False,286.6089252356327,286.714651828342,0.7877768930762709,5-95%,0.896969696969697,0.23599547473757784,0.10572659270932076,0.9687903406302968,1980,False
GISS-E2-1-G,hist-aer,tasmax,False,288.588267486264,288.6990744388465,0.8005771367236812,5-95%,0.9116161616161617,0.23441901798469283,0.1108069525824666,0.9713851715078416,1980,False
GISS-E2-1-G,hist-aer,tasmin,False,284.62364922725794,284.69527429137565,0.8618218315972223,5-95%,0.9383838383838384,0.2319070942558478,0.07162506411774151,0.9664437935670862,1980,False
GISS-E2-1-G,hist-aer,ts,False,287.5542465980607,287.5964041969993,0.7288079926461887,5-95%,0.9212121212121213,0.20529846163198734,0.042157598938607266,0.9748124574581299,1980,False
GISS-E2-1-G,hist-nat,hurs,False,77.93627725466334,78.06890377853856,0.8306088534268465,5-95%,0.8717171717171717,0.26980659000047524,0.1326265238752269,0.9329732192913986,1980,False
GISS-E2-1-G,hist-nat,huss,False,0.009902470192467424,0.01011650962943225,0.00045780591864251594,5-95%,0.47575757575757577,0.0002540237104677067,0.00021403943696482464,0.1685110673032052,1980,False
GISS-E2-1-G,hist-nat,pr,False,3.4222901883891386e-05,3.473948691504175e-05,3.019808027969739e-06,5-95%,0.9818181818181818,6.515161090322459e-07,5.165850311503605e-07,-1.0644288188052542,1980,False
GISS-E2-1-G,hist-nat,psl,False,101003.61150568182,100998.1064709596,44.469148516414144,5-95%,1.0,7.863367806144841,-5.505034722222222,0.8459869469202597,1980,False
GISS-E2-1-G,hist-nat,rsds,False,187.8482246553055,187.3141130081331,3.256992471097695,5-95%,0.8742424242424243,1.023662945917943,-0.5341116471724066,0.9675505843001282,1980,False
GISS-E2-1-G,hist-nat,sfcWind,False,5.769632491920934,5.756031856151543,0.23452305962341,5-95%,0.9176767676767676,0.06635978398912441,-0.013600635769391283,0.3712217573763251,1980,False
GISS-E2-1-G,hist-nat,tas,False,286.73097161187064,287.00062408447263,0.7867510863024773,5-95%,0.7237373737373738,0.32422495924661476,0.26965247260199765,0.9375059969133418,1980,False
GISS-E2-1-G,hist-nat,tasmax,False,288.70720009851937,288.9806782577977,0.801641075057213,5-95%,0.7494949494949495,0.3242374214337595,0.27347815927833097,0.9413514274568215,1980,False
GISS-E2-1-G,hist-nat,tasmin,False,284.74750144264914,284.98847560689904,0.8576285622336648,5-95%,0.8388888888888889,0.3079714613179214,0.24097416424992232,0.9379117201262352,1980,False
GISS-E2-1-G,hist-nat,ts,False,287.67348406242604,287.881270360465,0.725595925071023,5-95%,0.7792929292929293,0.27121695487343833,0.20778629803898563,0.9531981922406254,1980,False
GISS-E2-1-G,historical,hurs,False,78.01246623029613,78.12749706229778,0.8219795304115373,5-95%,0.9030303030303031,0.2572988123429423,0.1150308320016572,0.9389607302447199,1980,False
GISS-E2-1-G,historical,huss,False,0.010158623278028085,0.010244824858664512,0.00047728052654425927,5-95%,0.8106060606060606,0.0001640563404086458,8.620158063642898e-05,0.7356784107901777,1980,False
GISS-E2-1-G,historical,pr,False,3.4367754993912635e-05,3.464385055041122e-05,3.0851106147923875e-06,5-95%,0.9974747474747475,4.693151430287881e-07,2.760955564985805e-07,-0.18623382429720747,1980,False
GISS-E2-1-G,historical,psl,False,101000.03382654671,100996.21609059343,45.19526515151515,5-95%,0.998989898989899,6.710607804879076,-3.817735953282828,0.893013268335791,1980,False
GISS-E2-1-G,historical,rsds,False,186.44300150245127,185.84302298805932,3.5475076386422817,5-95%,0.8782828282828283,1.0926748230026526,-0.5999785143919656,0.9648676527326597,1980,False
GISS-E2-1-G,historical,sfcWind,False,5.757633404779916,5.7556246986292825,0.23634804691931213,5-95%,0.9287878787878788,0.06494252144746678,-0.0020087061506329014,0.3668965443138784,1980,False
GISS-E2-1-G,historical,tas,False,287.1211862737482,287.2513726744989,0.8253735474865848,5-95%,0.9277777777777778,0.23161262625298054,0.13018640075067195,0.9681825136456298,1980,False
GISS-E2-1-G,historical,tasmax,False,289.07702370075265,289.23124973798036,0.8351962002840909,5-95%,0.9075757575757576,0.24836173293169903,0.15422603722774725,0.9658788865049587,1980,False
GISS-E2-1-G,historical,tasmin,False,285.1593166158657,285.284402712427,0.8944896042949024,5-95%,0.9434343434343434,0.24080927839194177,0.12508609656131797,0.9619068643507985,1980,False
GISS-E2-1-G,historical,ts,False,288.0471842602046,288.1320465396149,0.7606209032463309,5-95%,0.9353535353535354,0.20649811998260797,0.084862279410315,0.972817979613121,1980,False
GISS-E2-1-G,ssp119,hurs,False,78.11196209079444,78.1395089263288,0.8105906799169889,5-95%,0.918724279835391,0.23027656267485758,0.02754683553436656,0.9483157979673064,5832,False
GISS-E2-1-G,ssp119,huss,False,0.010666192764102033,0.010821433020059343,0.0005467289494061831,5-95%,0.5821330589849109,0.00030008501195932406,0.0001552402559573109,-1.5482896364668104,5832,False
GISS-E2-1-G,ssp119,pr,False,3.507095391263889e-05,3.4996749033389867e-05,3.4220040427078604e-06,5-95%,0.9994855967078189,4.879965722068124e-07,-7.420487924902452e-08,-0.14813844964139355,5832,False
GISS-E2-1-G,ssp119,psl,False,100991.34400184327,100985.87137238511,44.91249383787723,5-95%,0.9967421124828533,8.468559395182234,-5.472629458161865,0.8245958067509933,5832,False
GISS-E2-1-G,ssp119,rsds,False,185.85744762289835,185.00529016356083,3.687890713433996,5-95%,0.8194444444444444,1.317086573133779,-0.8521574593375234,0.9335713644869877,5832,False
GISS-E2-1-G,ssp119,sfcWind,False,5.678170507909176,5.730691956230969,0.24366195236213903,5-95%,0.8376200274348422,0.08024325316230538,0.05252144832179383,-1.7795898991267882,5832,False
GISS-E2-1-G,ssp119,tas,False,288.1542482781639,288.3284517139074,0.9208443933390129,5-95%,0.8993484224965707,0.27440931623620113,0.17420343574346164,0.949690945611433,5832,False
GISS-E2-1-G,ssp119,tasmax,False,290.09381054850763,290.29263475206164,0.9170765189967528,5-95%,0.8830589849108368,0.2906218525655122,0.198824203554005,0.9486669431794283,5832,False
GISS-E2-1-G,ssp119,tasmin,False,286.2083144796238,286.4215338697813,0.9827877144100573,5-95%,0.887517146776406,0.310984010889283,0.21321939015748406,0.926341194158279,5832,False
GISS-E2-1-G,ssp119,ts,False,289.03944684775604,289.2024595577203,0.8593254246338895,5-95%,0.8787722908093278,0.27061593042806953,0.16301270996428788,0.9462839757578565,5832,False
GISS-E2-1-G,ssp126,hurs,False,78.0549670927155,78.12837362747297,0.8125740451577269,5-95%,0.8931755829903978,0.24834687222745316,0.07340653475747023,0.9402861588694166,5832,False
GISS-E2-1-G,ssp126,huss,False,0.011062353349415938,0.011029369425666003,0.0005694163285466668,5-95%,0.8978052126200274,0.0001760318753051983,-3.298392374993445e-05,0.7924509226631002,5832,False
GISS-E2-1-G,ssp126,pr,False,3.530739382488473e-05,3.526011583440136e-05,3.5885711655227753e-06,5-95%,0.9994855967078189,4.4898435147129823e-07,-4.727799048337007e-08,0.02600523196048543,5832,False
GISS-E2-1-G,ssp126,psl,False,100987.08208483367,100986.19843106996,45.614493580675585,5-95%,0.9996570644718793,6.4336477466328486,-0.8836537637174211,0.8993656856903446,5832,False
GISS-E2-1-G,ssp126,rsds,False,185.25670148381153,184.1413576651993,3.7836210829076773,5-95%,0.7367969821673526,1.6238407780506992,-1.1153438186122213,0.9023443768664174,5832,False
GISS-E2-1-G,ssp126,sfcWind,False,5.741276801695386,5.7291852768066,0.24637471280470796,5-95%,0.9255829903978052,0.06806101260745985,-0.012091524888785602,0.4064025440275537,5832,False
GISS-E2-1-G,ssp126,tas,False,288.6622391898282,288.71016439848637,0.9520078326776034,5-95%,0.9770233196159122,0.20832425806021862,0.04792520865818546,0.9711131561001253,5832,False
GISS-E2-1-G,ssp126,tasmax,False,290.589126660173,290.676711340173,0.940323430651336,5-95%,0.9723936899862826,0.21356518789853887,0.08758467999996106,0.9724390793837986,5832,False
GISS-E2-1-G,ssp126,tasmin,False,286.7288087496869,286.8277849529669,1.0109823930737738,5-95%,0.9715363511659808,0.23358795859372564,0.09897620328005892,0.9585489206665015,5832,False
GISS-E2-1-G,ssp126,ts,False,289.5206176538036,289.58758577365114,0.8915786690836254,5-95%,0.9638203017832647,0.20933021370168092,0.06696811984759589,0.9677997575016842,5832,False
GISS-E2-1-G,ssp370,hurs,False,77.98290487777355,78.24567632896955,0.8854988009430641,5-95%,0.7635658914728682,0.3709898244361414,0.2627714511960052,0.8673926123236427,1032,False
GISS-E2-1-G,ssp370,huss,False,0.01140908955491699,0.011630824311318677,0.000617432315985479,5-95%,0.6686046511627907,0.00030147737138632504,0.00022173475640168818,0.7542520394297803,1032,False
GISS-E2-1-G,ssp370,pr,False,3.496910620001014e-05,3.5946870059345294e-05,4.227997254393679e-06,5-95%,0.936046511627907,1.1835021194195478e-06,9.777638593351547e-07,-4.074125716323722,1032,False
GISS-E2-1-G,ssp370,psl,False,100982.45507055474,100984.64907340116,52.335649830426355,5-95%,1.0,6.234958370661643,2.1940028464147288,0.911999993128192,1032,False
GISS-E2-1-G,ssp370,rsds,False,181.20057500794877,180.04135177671446,4.10132177485976,5-95%,0.7703488372093024,1.5726062761073942,-1.1592232312342916,0.9246009637841961,1032,False
GISS-E2-1-G,ssp370,sfcWind,False,5.7242950737014295,5.726980531400488,0.2596347715503486,5-95%,0.9176356589147286,0.07290377407270511,0.0026854576990585953,0.3065230823137013,1032,False
GISS-E2-1-G,ssp370,tas,False,289.10786854943564,289.6971767928249,1.0152466352595844,5-95%,0.4273255813953488,0.6649209455254513,0.5893082433892788,0.7846885461509254,1032,False
GISS-E2-1-G,ssp370,tasmax,False,290.99240372532097,291.6677334511927,0.9791708362194919,5-95%,0.2810077519379845,0.74445884256104,0.6753297258717156,0.7435246834931257,1032,False
GISS-E2-1-G,ssp370,tasmin,False,287.2235872727032,287.8611173703689,1.0660235382789773,5-95%,0.41375968992248063,0.7080261368860638,0.6375300976657142,0.7381001856973011,1032,False
GISS-E2-1-G,ssp370,ts,False,289.92810783090516,290.57847228530767,0.9515123884807261,5-95%,0.33430232558139533,0.7357967097577943,0.6503644544024804,0.7098313841768453,1032,False
GISS-E2-1-G,ssp434,hurs,False,78.0595165149186,78.19007744900016,0.8277111053466797,5-95%,0.8798449612403101,0.268653758394414,0.1305609340815581,0.9304750361410666,1032,False
GISS-E2-1-G,ssp434,huss,False,0.011084179925486801,0.0111663115189172,0.0005758610389794629,5-95%,0.8304263565891473,0.00018693496717440405,8.21315934303995e-05,0.7702725121989985,1032,False
GISS-E2-1-G,ssp434,pr,False,3.4959043726888384e-05,3.561696451632356e-05,3.806100062496442e-06,5-95%,0.9951550387596899,7.938015796733523e-07,6.579207894351702e-07,-1.4899475668565536,1032,False
GISS-E2-1-G,ssp434,psl,False,100986.90927053052,100991.67392653828,48.57368883236434,5-95%,1.0,7.17431746646131,4.764656007751938,0.8718492308639446,1032,False
GISS-E2-1-G,ssp434,rsds,False,183.22588743165483,182.20688713428586,3.9430888272071054,5-95%,0.7877906976744186,1.4462067025449985,-1.019000297368957,0.93265477323487,1032,False
GISS-E2-1-G,ssp434,sfcWind,False,5.738807623700578,5.741253747496494,0.25020331005717433,5-95%,0.9234496124031008,0.07087596647560918,0.002446123795915942,0.3220161769383353,1032,False
GISS-E2-1-G,ssp434,tas,False,288.6043331530667,288.9450147170429,0.959006790042847,5-95%,0.7238372093023255,0.3982062813324308,0.340681563976201,0.8980949719752949,1032,False
GISS-E2-1-G,ssp434,tasmax,False,290.51529593061105,290.9315512309703,0.939786423084348,5-95%,0.5930232558139535,0.46079164028425956,0.41625530035921043,0.8740787556335474,1032,False
GISS-E2-1-G,ssp434,tasmin,False,286.69034050046935,287.0880706550539,1.0154264878857038,5-95%,0.685077519379845,0.4545844630762145,0.3977301545845472,0.8512561534942968,1032,False
GISS-E2-1-G,ssp434,ts,False,289.4533018363539,289.82471137823063,0.8966223546700876,5-95%,0.6453488372093024,0.4249739058297146,0.37140954187674147,0.8734926306724162,1032,False
GISS-E2-1-G,ssp460,hurs,False,78.01810423159132,78.21955938900219,0.8611200519636566,5-95%,0.8088235294117647,0.32489336889789056,0.20145515741086473,0.8993032469675041,1020,False
GISS-E2-1-G,ssp460,huss,False,0.011324258389718343,0.011432030233645802,0.0006035765870382973,5-95%,0.842156862745098,0.00019455875328993995,0.0001077718439274569,0.8526758449903422,1020,False
GISS-E2-1-G,ssp460,pr,False,3.503775695243544e-05,3.586916934414059e-05,4.024602554529659e-06,5-95%,0.9715686274509804,9.998021928491245e-07,8.314123917051464e-07,-2.6400581887628056,1020,False
GISS-E2-1-G,ssp460,psl,False,100983.76293658088,100989.08548560049,50.49007352941177,5-95%,0.9980392156862745,8.177352048866235,5.322549019607843,0.836612285451706,1020,False
GISS-E2-1-G,ssp460,rsds,False,182.03792569029565,180.9471050935633,4.028289106780408,5-95%,0.807843137254902,1.4732812920109448,-1.0908205967323454,0.9312419877270053,1020,False
GISS-E2-1-G,ssp460,sfcWind,False,5.7313049657672055,5.735153256210626,0.2568920654409072,5-95%,0.9166666666666666,0.07196562678722043,0.0038482904434204187,0.29432049950669703,1020,False
GISS-E2-1-G,ssp460,tas,False,288.9683380725337,289.3824482637293,0.9930219762465532,5-95%,0.634313725490196,0.4685800471295977,0.41411019119561954,0.8759061170823927,1020,False
GISS-E2-1-G,ssp460,tasmax,False,290.8592431161918,291.36172302844477,0.9631072100471048,5-95%,0.44901960784313727,0.5493932266216434,0.5024799122529885,0.8405538546050106,1020,False
GISS-E2-1-G,ssp460,tasmin,False,287.0757351445217,287.54212592629824,1.0472921633252903,5-95%,0.6127450980392157,0.5194468987618918,0.4663907817765789,0.8328557932776868,1020,False
GISS-E2-1-G,ssp460,ts,False,289.79815709731156,290.2628730025946,0.9316475961722586,5-95%,0.503921568627451,0.5233634460998541,0.4647159052830131,0.8297956061411644,1020,False
GISS-E2-1-G,ssp585,hurs,True,77.25873964280912,78.01510695207593,1.1896448933375061,5-95%,0.328360768175583,0.8554182923749268,0.7563673092668112,0.5301721689949377,5832,True
GISS-E2-1-G,ssp585,huss,True,0.014186373600079544,0.01493217790130756,0.0008474086235316958,5-95%,0.23473936899862827,0.0008947990700603253,0.0007458043012280166,0.44198140970602584,5832,False
GISS-E2-1-G,ssp585,pr,True,3.6945853380767066e-05,3.877368404032189e-05,6.174737327193665e-06,5-95%,0.8146433470507545,2.0567530141754328e-06,1.8278306595548276e-06,-3.283794583554098,5832,True
GISS-E2-1-G,ssp585,psl,True,100947.86860746742,100927.49960482039,66.03130626286008,5-95%,0.7621742112482853,27.98334006103445,-20.369002647033607,-0.19956994005068762,5832,False
GISS-E2-1-G,ssp585,rsds,True,176.0533603804265,174.32527433795693,5.359468096404736,5-95%,0.6594650205761317,2.3160066322198287,-1.7280860424695845,0.8507100074181476,5832,True
GISS-E2-1-G,ssp585,sfcWind,True,5.604749890103098,5.579546390655763,0.30621569212245026,5-95%,0.9308984910836763,0.08595030024786261,-0.025203499447334594,0.4257448296884634,5832,False
GISS-E2-1-G,ssp585,tas,True,293.57269339960465,294.79903449541257,1.4111203166192452,5-95%,0.18792866941015088,1.3890399103063968,1.2263410958079495,0.6288272067131797,5832,False
GISS-E2-1-G,ssp585,tasmax,True,295.3552039137266,296.66883218501005,1.2796999456460585,5-95%,0.15157750342935528,1.4722992510875852,1.313628271283437,0.5766639265787441,5832,False
GISS-E2-1-G,ssp585,tasmin,True,291.78842111804687,292.77488554652336,1.4229861391588166,5-95%,0.3713991769547325,1.1491807655394926,0.9864644284765102,0.7488148146446412,5832,False
GISS-E2-1-G,ssp585,ts,True,294.18241163863405,295.66897125662763,1.333898013184264,5-95%,0.1095679012345679,1.638038608382472,1.4865596179936014,0.4363792387535984,5832,False
GISS-E2-1-H,abrupt-2xCO2,hurs,False,77.61120127578971,77.94250196915851,0.8887547499296681,5-95%,0.6341059602649006,0.4365867750568144,0.33130069336880646,0.8604573944063599,1812,False
GISS-E2-1-H,abrupt-2xCO2,huss,False,0.01132269909401845,0.011407272058084688,0.0006316597285633199,5-95%,0.8327814569536424,0.00023431859894655312,8.457296406623845e-05,0.5873860275076062,1812,False
GISS-E2-1-H,abrupt-2xCO2,pr,False,3.54082607208497e-05,3.574841420679398e-05,4.038668356756305e-06,5-95%,0.9955849889624724,6.243751505845578e-07,3.4015348594428607e-07,-0.32008235212324054,1812,False
GISS-E2-1-H,abrupt-2xCO2,psl,False,100730.06652266142,100739.97248810016,50.481007691777044,5-95%,0.9475717439293598,13.109016857698037,9.905965438741722,0.5953874981162874,1812,False
GISS-E2-1-H,abrupt-2xCO2,rsds,False,185.16022199247584,183.81180587667504,3.8465341395363377,5-95%,0.7008830022075055,1.642428516486047,-1.3484161158008028,0.9029517316533769,1812,False
GISS-E2-1-H,abrupt-2xCO2,sfcWind,False,5.77221493399959,5.761242076787465,0.25576026102828137,5-95%,0.9210816777041942,0.07404657795233764,-0.010972857212125596,0.46242450266778157,1812,False
GISS-E2-1-H,abrupt-2xCO2,tas,False,289.4320119727263,289.5479668960403,1.04609986698917,5-95%,0.8686534216335541,0.3544245549665115,0.11595492331397556,0.9202071867068502,1812,False
GISS-E2-1-H,abrupt-2xCO2,tasmax,False,291.31687465777196,291.4798304408328,1.0147570511100048,5-95%,0.8504415011037527,0.35920952660383526,0.16295578306084516,0.9253031080445466,1812,False
GISS-E2-1-H,abrupt-2xCO2,tasmin,False,287.544725009674,287.70879205699526,1.1231882798487516,5-95%,0.8653421633554084,0.39042028254135164,0.16406704732124416,0.8904575399717567,1812,False
GISS-E2-1-H,abrupt-2xCO2,ts,False,290.2675427569459,290.4495671758589,0.9880057160164883,5-95%,0.8300220750551877,0.37449267493219585,0.1820244189129768,0.9029757434206228,1812,False
GISS-E2-1-H,abrupt-4xCO2,hurs,True,77.25800152119685,77.8703690375187,1.092828906398209,5-95%,0.3852097130242826,0.7082250807226468,0.6123675163218517,0.6680239310215061,1812,True
GISS-E2-1-H,abrupt-4xCO2,huss,True,0.012763373900685928,0.013065337591494076,0.0008651373181163144,5-95%,0.6881898454746137,0.000521465131378899,0.00030196369080814597,0.07658500318091366,1812,False
GISS-E2-1-H,abrupt-4xCO2,pr,True,3.6257022608897266e-05,3.78804773272129e-05,5.203514585895829e-06,5-95%,0.8167770419426048,1.7771871877295356e-06,1.6234547183156338e-06,-4.897267018427464,1812,False
GISS-E2-1-H,abrupt-4xCO2,psl,True,100713.26697019867,100740.62220181429,57.70678549254967,5-95%,0.5518763796909493,28.99990219642145,27.355231615618102,-0.9207906862934139,1812,False
GISS-E2-1-H,abrupt-4xCO2,rsds,True,181.67905328342192,180.5108725693052,4.417400006426879,5-95%,0.7660044150110376,1.757814068367203,-1.1681807141167175,0.8821527141714126,1812,False
GISS-E2-1-H,abrupt-4xCO2,sfcWind,True,5.733887520057476,5.703936447897231,0.2848471603119873,5-95%,0.9078366445916115,0.08485762523582178,-0.029951072160245024,0.4347098243555455,1812,False
GISS-E2-1-H,abrupt-4xCO2,tas,True,291.70781345662164,292.1315531951702,1.3583073563396804,5-95%,0.7406181015452539,0.7581057224980058,0.4237397385485661,0.6729208762246652,1812,False
GISS-E2-1-H,abrupt-4xCO2,tasmax,True,293.5235749806789,293.996100048882,1.2696966377578307,5-95%,0.6892935982339956,0.7695267886243901,0.4725250682030832,0.6882794725652512,1812,False
GISS-E2-1-H,abrupt-4xCO2,tasmin,True,289.8921577672558,290.33413886602875,1.4155099291938293,5-95%,0.7516556291390728,0.7888914458060569,0.44198109877293823,0.6086947463241215,1812,False
GISS-E2-1-H,abrupt-4xCO2,ts,True,292.4342219540089,293.0462925049906,1.3025049879061468,5-95%,0.6208609271523179,0.8676266208412498,0.612070550981738,0.5335862767502779,1812,False
GISS-E2-1-H,historical,hurs,False,77.97366463246972,78.04096458897446,0.8486812437423552,5-95%,0.9035353535353535,0.2556557769139968,0.06729995650474471,0.9469782944771235,1980,False
GISS-E2-1-H,historical,huss,False,0.01024424147397049,0.01035379120007604,0.0004991695821059467,5-95%,0.8585858585858586,0.00015737279045850925,0.00010954972610554866,0.7584592450908475,1980,False
GISS-E2-1-H,historical,pr,False,3.4505371302363316e-05,3.4783115579833094e-05,3.2541727062315924e-06,5-95%,0.997979797979798,4.672737092393159e-07,2.7774427746977607e-07,-0.2267935301621089,1980,False
GISS-E2-1-H,historical,psl,False,100744.34706833964,100741.19416035354,48.483952809343435,5-95%,0.9994949494949495,6.105263256743012,-3.152907986111111,0.9084183060075623,1980,False
GISS-E2-1-H,historical,rsds,False,186.79799060243548,186.02940098926274,3.5227204525109483,5-95%,0.8373737373737373,1.163941437147474,-0.7685896131727423,0.956603167175976,1980,False
GISS-E2-1-H,historical,sfcWind,False,5.795632037490305,5.794048743536978,0.2405211010364571,5-95%,0.9247474747474748,0.0673187654220887,-0.0015832939533272073,0.41829373673121817,1980,False
GISS-E2-1-H,historical,tas,False,287.5003528633503,287.66876891165066,0.8609792381826076,5-95%,0.9373737373737374,0.2347543484586302,0.16841604830038762,0.9658770352759437,1980,False
GISS-E2-1-H,historical,tasmax,False,289.4324441620798,289.62833500101107,0.8631707702020196,5-95%,0.9161616161616162,0.251793261827594,0.1958908389313053,0.9640996144210892,1980,False
GISS-E2-1-H,historical,tasmin,False,285.56377161199396,285.71383173778804,0.9460524279661848,5-95%,0.9702020202020202,0.23060561711129285,0.15006012579407443,0.9627757751023165,1980,False
GISS-E2-1-H,historical,ts,False,288.4239880494397,288.5363312538224,0.7955029111919987,5-95%,0.9611111111111111,0.19414246758581363,0.11234320438269493,0.9746794167056729,1980,False
GISS-E2-1-H,ssp119,hurs,False,78.00360917675403,78.04212888081868,0.8735835866410603,5-95%,0.9312015503875969,0.23916668068291919,0.038519704064657524,0.9484739671414584,1032,False
GISS-E2-1-H,ssp119,huss,False,0.011042827728579797,0.011209802668678793,0.0005982836912378895,5-95%,0.7868217054263565,0.0002184277018391336,0.00016697494009899533,0.6220854855751891,1032,False
GISS-E2-1-H,ssp119,pr,False,3.5238437368919175e-05,3.560078484881597e-05,3.82988174499397e-06,5-95%,1.0,5.629120191271173e-07,3.6234747989679865e-07,-0.37240282781353096,1032,False
GISS-E2-1-H,ssp119,psl,False,100734.02800236191,100739.05572462452,49.32703488372093,5-95%,0.999031007751938,8.411841030159644,5.0277222625969,0.8140058142720634,1032,False
GISS-E2-1-H,ssp119,rsds,False,185.13519822349843,183.92255398654197,3.86611608756605,5-95%,0.752906976744186,1.522679097957025,-1.2126442369564558,0.9147520273108264,1032,False
GISS-E2-1-H,ssp119,sfcWind,False,5.781127704206363,5.768834184306536,0.2531659164169962,5-95%,0.9137596899224806,0.07220640745802612,-0.012293519899826645,0.45932069400018916,1032,False
GISS-E2-1-H,ssp119,tas,False,288.8464837185172,289.19696940932164,1.0003564819809092,5-95%,0.7732558139534884,0.3955941426278716,0.3504856908044162,0.8894739229399928,1032,False
GISS-E2-1-H,ssp119,tasmax,False,290.74504828637885,291.13671387073606,0.9780338198639621,5-95%,0.6724806201550387,0.4326659775728119,0.39166558435721055,0.8811077180736523,1032,False
GISS-E2-1-H,ssp119,tasmin,False,286.9458200617354,287.35118348469103,1.0755132039388022,5-95%,0.7587209302325582,0.4484227095068581,0.40536342295565453,0.8365180186568394,1032,False
GISS-E2-1-H,ssp119,ts,False,289.71111540092056,290.0814612041148,0.9431676938552267,5-95%,0.6676356589147286,0.41277279497036923,0.37034580319426824,0.8677982051200779,1032,False
GISS-E2-1-H,ssp126,hurs,False,77.93910285965406,78.03224054972331,0.8694141372241111,5-95%,0.9075788751714677,0.2560855413342181,0.09313769006925356,0.9428774317167095,5832,False
GISS-E2-1-H,ssp126,huss,False,0.0112007536792192,0.01119830533980281,0.0006050432306255718,5-95%,0.9339849108367627,0.00015734380359915058,-2.4483394163922755e-06,0.7999165299388691,5832,False
GISS-E2-1-H,ssp126,pr,False,3.552312107696011e-05,3.535238821514986e-05,3.802983248336445e-06,5-95%,0.9996570644718793,5.312414677062877e-07,-1.7073286181024826e-07,-0.35214929221458924,5832,False
GISS-E2-1-H,ssp126,psl,False,100732.99572536223,100734.36763492369,48.43129099151235,5-95%,0.9972565157750343,6.770020308604559,1.3719095614711934,0.879930599372863,5832,False
GISS-E2-1-H,ssp126,rsds,False,185.20601807634853,184.61412103545683,3.793739070290564,5-95%,0.8820301783264746,1.1875079301986566,-0.5918970408917106,0.9416915229496676,5832,False
GISS-E2-1-H,ssp126,sfcWind,False,5.761866989204423,5.75894198520684,0.252232537348084,5-95%,0.9303840877914952,0.06825244581749508,-0.0029250039975829453,0.46200556908013224,5832,False
GISS-E2-1-H,ssp126,tas,False,289.1713868443367,289.177506759497,1.007803808350949,5-95%,0.9519890260631001,0.240020925462496,0.006119915160296708,0.9599053189801559,5832,False
GISS-E2-1-H,ssp126,tasmax,False,291.06178632717894,291.10737305315433,0.9863834930545508,5-95%,0.9324417009602195,0.24465019058760457,0.04558672597542508,0.9624299263698316,5832,False
GISS-E2-1-H,ssp126,tasmin,False,287.2778725120429,287.3169401087715,1.0852223463019226,5-95%,0.9516460905349794,0.2577363182061288,0.03906759672858462,0.9469683113846326,5832,False
GISS-E2-1-H,ssp126,ts,False,290.0318277722687,290.05784125517755,0.9524715617196877,5-95%,0.9274691358024691,0.24609695920777228,0.02601348290881813,0.9535914933309235,5832,False
GISS-E2-1-H,ssp370,hurs,False,77.93644341017848,78.11728893694027,0.9595477895219197,5-95%,0.8788759689922481,0.32610930491660994,0.1808455267617869,0.9014390598218347,1032,False
GISS-E2-1-H,ssp370,huss,False,0.011576767787048473,0.011822376910113327,0.0006548491326456751,5-95%,0.6715116279069767,0.0003036740324193529,0.0002456091230648537,0.795809935345756,1032,False
GISS-E2-1-H,ssp370,pr,False,3.522616537007397e-05,3.607916286730256e-05,4.418903047686159e-06,5-95%,0.9844961240310077,1.0394094802553345e-06,8.529974972285951e-07,-2.0489574440700147,1032,False
GISS-E2-1-H,ssp370,psl,False,100727.8245669816,100732.62560562015,55.98323189195737,5-95%,0.9883720930232558,10.284819392711137,4.801038638565892,0.7430625952184775,1032,False
GISS-E2-1-H,ssp370,rsds,False,181.45927063993705,180.85220075208088,4.171251932779948,5-95%,0.9195736434108527,1.1564463643512701,-0.6070698878561794,0.9573579918546646,1032,False
GISS-E2-1-H,ssp370,sfcWind,False,5.753556925659032,5.753204534682193,0.264592006687046,5-95%,0.9253875968992248,0.07291678256800366,-0.000352390976839271,0.457360249750281,1032,False
GISS-E2-1-H,ssp370,tas,False,289.66528119227684,290.150000136028,1.0811732979707942,5-95%,0.5532945736434108,0.5348866707108689,0.48471894375113644,0.8671621642659977,1032,False
GISS-E2-1-H,ssp370,tasmax,False,291.51317087809247,292.0700918094132,1.035612387250561,5-95%,0.40988372093023256,0.6049305599558409,0.5569209313207829,0.8375807397097119,1032,False
GISS-E2-1-H,ssp370,tasmin,False,287.82149686000145,288.34649397975716,1.1506301229314289,5-95%,0.5872093023255814,0.5705405287155334,0.5249971197557101,0.8401222624048307,1032,False
GISS-E2-1-H,ssp370,ts,False,290.48416374265685,291.05095734707146,1.0185513459434805,5-95%,0.4108527131782946,0.6257142001896103,0.5667936044145936,0.7995368494145755,1032,False
GISS-E2-1-H,ssp434,hurs,False,77.98565566632175,78.06833627981733,0.8956637123758479,5-95%,0.9273255813953488,0.24750888478169228,0.08268061349558276,0.9436912248806251,1032,False
GISS-E2-1-H,ssp434,huss,False,0.01125428951056597,0.011330808193401144,0.0006074784702599737,5-95%,0.9341085271317829,0.00017073217456332158,7.651868283517366e-05,0.8411951356499521,1032,False
GISS-E2-1-H,ssp434,pr,False,3.520826005975083e-05,3.5728064046078676e-05,3.9900742124228255e-06,5-95%,1.0,6.539062511939627e-07,5.198039863278454e-07,-0.586918811323824,1032,False
GISS-E2-1-H,ssp434,psl,False,100731.56248485949,100739.63350896318,51.744428294573645,5-95%,0.9670542635658915,11.510660340563465,8.07102410368217,0.6481467899003404,1032,False
GISS-E2-1-H,ssp434,rsds,False,183.46671858499215,182.8321238229441,3.9691104741059533,5-95%,0.8972868217054264,1.1554437545323484,-0.6345947620480562,0.9539838868246647,1032,False
GISS-E2-1-H,ssp434,sfcWind,False,5.773399010185123,5.769587859626888,0.2553724027419275,5-95%,0.9186046511627907,0.07116699710502902,-0.0038111505582351006,0.44700750220228147,1032,False
GISS-E2-1-H,ssp434,tas,False,289.1677990994712,289.3904799823613,1.01519810876181,5-95%,0.9156976744186046,0.2944944148329683,0.2226808828900964,0.9437742377735121,1032,False
GISS-E2-1-H,ssp434,tasmax,False,291.04362768720284,291.333139700483,0.9853981964347891,5-95%,0.8381782945736435,0.34478544124684984,0.2895120132801159,0.9294476591665074,1032,False
GISS-E2-1-H,ssp434,tasmin,False,287.2916876031447,287.56143785816755,1.0872311850850878,5-95%,0.9098837209302325,0.33716532149638573,0.26975025502286315,0.9172395159437909,1032,False
GISS-E2-1-H,ssp434,ts,False,290.01359043564906,290.28118464743443,0.9558444947235342,5-95%,0.8459302325581395,0.32504733174365047,0.2675942117853696,0.9249552051129506,1032,False
GISS-E2-1-H,ssp460,hurs,False,77.93238542985546,78.08850902734801,0.9351093750591426,5-95%,0.8885658914728682,0.29899372351208847,0.15612359749254331,0.9191598456624746,1032,False
GISS-E2-1-H,ssp460,huss,False,0.011475037012696794,0.011620369987100199,0.0006410826571545624,5-95%,0.8265503875968992,0.0002129692159722659,0.00014533297440340583,0.8584028821775278,1032,False
GISS-E2-1-H,ssp460,pr,False,3.5263881078955554e-05,3.600749861537104e-05,4.243799019802331e-06,5-95%,0.997093023255814,8.914664747582567e-07,7.436175364154924e-07,-1.3612979563847385,1032,False
GISS-E2-1-H,ssp460,psl,False,100728.83715631056,100737.36607467296,54.120321584302324,5-95%,0.938953488372093,13.055737145039934,8.5289183624031,0.5680688618245071,1032,False
GISS-E2-1-H,ssp460,rsds,False,182.38701220076214,181.67802738219268,4.0624994529310126,5-95%,0.9001937984496124,1.1962132680388486,-0.708984818569448,0.9517926662189333,1032,False
GISS-E2-1-H,ssp460,sfcWind,False,5.76170833628307,5.761771351792092,0.2614476468211921,5-95%,0.9176356589147286,0.07172385914228838,6.301550902138665e-05,0.46887411009227886,1032,False
GISS-E2-1-H,ssp460,tas,False,289.5229983958163,289.84547808743264,1.0611707110737636,5-95%,0.8304263565891473,0.376795748347909,0.3224796916163264,0.9223511958934756,1032,False
GISS-E2-1-H,ssp460,tasmax,False,291.37937942031743,291.7769240150156,1.0206787937371302,5-95%,0.6976744186046512,0.4426263679487386,0.3975445946981765,0.899867465148186,1032,False
GISS-E2-1-H,ssp460,tasmin,False,287.6678151862566,288.0352064620617,1.1333199138789216,5-95%,0.8313953488372093,0.42045171966558303,0.3673912758050978,0.8946599511506202,1032,False
GISS-E2-1-H,ssp460,ts,False,290.35152606816257,290.7424450364224,1.0016319215759746,5-95%,0.6715116279069767,0.44401152035154634,0.3909189682598281,0.8812151345077137,1032,False
GISS-E2-1-H,ssp585,hurs,True,77.20508343496441,77.92637334831457,1.2683712759135681,5-95%,0.38511659807956106,0.8326963232088164,0.721289913350172,0.5612580606956641,5832,True
GISS-E2-1-H,ssp585,huss,True,0.014873692862285745,0.015391912664873131,0.0008868139479258219,5-95%,0.46844993141289437,0.0006347743412420841,0.0005182198025873871,0.8460753204842099,5832,False
GISS-E2-1-H,ssp585,pr,True,3.748896468305659e-05,3.893154420605982e-05,6.41720652496942e-06,5-95%,0.9038065843621399,1.7260333369301138e-06,1.4425795230032305e-06,-1.1288995562566329,5832,False
GISS-E2-1-H,ssp585,psl,True,100694.94322005744,100687.64531759045,68.72196769975994,5-95%,0.926954732510288,18.917155516145687,-7.297902466992455,0.41395816958135934,5832,False
GISS-E2-1-H,ssp585,rsds,True,175.68271335554712,175.69482798111946,5.559092685191882,5-95%,0.9224965706447188,1.4568315469437494,0.012114625572340876,0.9383838140607133,5832,False
GISS-E2-1-H,ssp585,sfcWind,True,5.638003858110378,5.572284592767802,0.3131475369299063,5-95%,0.8365912208504801,0.1133134408249547,-0.06571926534257634,0.2860763418365686,5832,True
GISS-E2-1-H,ssp585,tas,True,294.45106534081395,295.4810610693996,1.4750244862748763,5-95%,0.30572702331961593,1.143311994477229,1.0299957285856198,0.7929487544454606,5832,False
GISS-E2-1-H,ssp585,tasmax,True,296.17117591617205,297.2722180579752,1.3372536385827916,5-95%,0.20644718792866942,1.2154876591233041,1.1010421418031726,0.7625325090980136,5832,False
GISS-E2-1-H,ssp585,tasmin,True,292.7388567617074,293.49224434369876,1.5132969148528599,5-95%,0.5457818930041153,0.8956547133192116,0.7533875819913981,0.8746695260510121,5832,False
GISS-E2-1-H,ssp585,ts,True,295.0577123717843,296.37017396840537,1.3871597530746989,5-95%,0.11145404663923182,1.4100085519397205,1.3124615966210813,0.655486715574332,5832,False
GISS-E2-2-G,abrupt-2xCO2,hurs,False,77.71334788762444,78.23366781154742,0.8033331729981547,5-95%,0.2891832229580574,0.5650929058692032,0.5203199239229788,0.6665486264137269,1812,False
GISS-E2-2-G,abrupt-2xCO2,huss,False,0.01010806000201442,0.009952971381268869,0.0005317189623797036,5-95%,0.7814569536423841,0.00021976414937404415,-0.0001550886207455501,0.4197778890786079,1812,False
GISS-E2-2-G,abrupt-2xCO2,pr,False,3.306411342837277e-05,3.264665369987904e-05,3.2780208280712862e-06,5-95%,0.9977924944812362,6.050989353073943e-07,-4.174597284937263e-07,-0.5347850501340918,1812,False
GISS-E2-2-G,abrupt-2xCO2,psl,False,100999.72577348923,101010.17413424393,47.07612444812362,5-95%,0.9729580573951435,12.150863383049293,10.448360754690949,0.6649680260642341,1812,False
GISS-E2-2-G,abrupt-2xCO2,rsds,False,182.87451270400294,181.52506431259593,3.646722124112363,5-95%,0.6655629139072847,1.6538785376329912,-1.3494483914070035,0.9358251970573417,1812,False
GISS-E2-2-G,abrupt-2xCO2,sfcWind,False,5.752833127712309,5.756927070501887,0.24146199147432845,5-95%,0.9376379690949227,0.06371429346261304,0.004093942789578817,0.4720637407790007,1812,False
GISS-E2-2-G,abrupt-2xCO2,tas,False,286.7863419892772,286.4966477653049,0.9056427305107877,5-95%,0.7422737306843267,0.39899162864842164,-0.289694223972345,0.899596270382951,1812,False
GISS-E2-2-G,abrupt-2xCO2,tasmax,False,288.7185040404465,288.47021272166677,0.8902108737701347,5-95%,0.7803532008830022,0.36488203101720273,-0.24829131877974783,0.9207700731721993,1812,False
GISS-E2-2-G,abrupt-2xCO2,tasmin,False,284.8583204256778,284.61049133368147,0.9570210774739578,5-95%,0.7809050772626932,0.3859020888620611,-0.24782909199628145,0.8969584054995289,1812,False
GISS-E2-2-G,abrupt-2xCO2,ts,False,287.7041244001578,287.4393980013614,0.8444400138939193,5-95%,0.7389624724061811,0.3792952666278077,-0.26472639879643367,0.9016651455878688,1812,False
GISS-E2-2-G,abrupt-4xCO2,hurs,True,77.295737576011,78.31493031162826,0.9097681445528076,5-95%,0.04359823399558499,1.066309452385912,1.0191927356172608,0.06160506582094882,1812,True
GISS-E2-2-G,abrupt-4xCO2,huss,True,0.011056425674380501,0.011237927157407124,0.0007184634060202122,5-95%,0.8090507726269316,0.00031338805210608616,0.00018150148302662167,0.1793622910598821,1812,False
GISS-E2-2-G,abrupt-4xCO2,pr,True,3.346479726408168e-05,3.385536585230379e-05,4.292676781296985e-06,5-95%,0.9933774834437086,7.224530412643918e-07,3.905685882221046e-07,-0.7402878221046574,1812,False
GISS-E2-2-G,abrupt-4xCO2,psl,True,100986.05523937638,101008.22548030491,54.53694553669978,5-95%,0.7135761589403974,23.297085033085832,22.17024092853201,-0.14185695497669348,1812,False
GISS-E2-2-G,abrupt-4xCO2,rsds,True,179.74106281272097,177.7106095455077,4.002266435433698,5-95%,0.4481236203090508,2.317326934883774,-2.0304532672132605,0.8656975751573461,1812,True
GISS-E2-2-G,abrupt-4xCO2,sfcWind,True,5.756942260870607,5.7027008967683805,0.26627954610399324,5-95%,0.8675496688741722,0.08705420469436422,-0.05424136410222673,0.024595633532057515,1812,False
GISS-E2-2-G,abrupt-4xCO2,tas,True,288.4152501592573,288.70946170899515,1.1821121990549117,5-95%,0.8763796909492274,0.47502482149456815,0.29421154973785996,0.8653804198082342,1812,False
GISS-E2-2-G,abrupt-4xCO2,tasmax,True,290.32408209457566,290.66362415507405,1.1130433240473665,5-95%,0.8355408388520972,0.5042639888997991,0.33954206049837093,0.8583372224404361,1812,False
GISS-E2-2-G,abrupt-4xCO2,tasmin,True,286.5074511395385,286.867433577447,1.209487477148869,5-95%,0.847682119205298,0.5302186571612939,0.35998243790851897,0.8136237400068596,1812,False
GISS-E2-2-G,abrupt-4xCO2,ts,True,289.2334499064397,289.6439890745723,1.1208440683798546,5-95%,0.7847682119205298,0.5495193728083008,0.4105391681325899,0.8034590980812568,1812,False
GISS-E2-2-G,historical,hurs,False,78.03071600403449,78.21546541079127,0.8294829513087417,5-95%,0.8712121212121212,0.27663124006636997,0.18474940675677676,0.9063322083742041,1980,False
GISS-E2-2-G,historical,huss,False,0.009300860218854214,0.00917099509247094,0.00043459127167935985,5-95%,0.8171717171717172,0.00016858016009599618,-0.0001298651263832732,0.6035349709376956,1980,False
GISS-E2-2-G,historical,pr,False,3.2497921863684284e-05,3.213066050955953e-05,2.712018593026894e-06,5-95%,0.9984848484848485,5.257331251759315e-07,-3.672613541247568e-07,-0.5054482276900798,1980,False
GISS-E2-2-G,historical,psl,False,101012.88647411617,101012.15647885101,44.80600142045454,5-95%,1.0,5.114434969381177,-0.7299952651515151,0.942148532960335,1980,False
GISS-E2-2-G,historical,rsds,False,184.86819979735094,184.3826079320426,3.4154984984735046,5-95%,0.9141414141414141,0.9393710535328192,-0.4855918653083562,0.9800424378342584,1980,False
GISS-E2-2-G,historical,sfcWind,False,5.782692203136405,5.787442788210782,0.23011011764256642,5-95%,0.9424242424242424,0.061265274513049466,0.0047505850743765855,0.4036596635048777,1980,False
GISS-E2-2-G,historical,tas,False,285.12712820033835,284.9420920632102,0.7717335556492659,5-95%,0.8712121212121212,0.25570563311257294,-0.18503613712811562,0.965749009958161,1980,False
GISS-E2-2-G,historical,tasmax,False,287.095819446294,286.89442382195983,0.7748296872533929,5-95%,0.8393939393939394,0.26761406078800587,-0.2013956243341607,0.9634921058822111,1980,False
GISS-E2-2-G,historical,tasmin,False,283.16497287942906,282.9535749339094,0.8412193991921165,5-95%,0.8313131313131313,0.2863948107367523,-0.21139794551964827,0.9545661670975445,1980,False
GISS-E2-2-G,historical,ts,False,286.12588824647844,285.8660953560261,0.7148220023723573,5-95%,0.696969696969697,0.31324244067550067,-0.2597928904523743,0.945342394697911,1980,False
GISS-E2-2-G,ssp370,hurs,False,78.27665206258611,78.43036518540494,0.8467880367308624,5-95%,0.8158914728682171,0.3122561481368296,0.15371312281882116,0.8733068829923876,1032,False
GISS-E2-2-G,ssp370,huss,False,0.010252245828191623,0.01029476342820233,0.0005539064196321056,5-95%,0.8827519379844961,0.00017353003414166348,4.251760001070493e-05,0.9164715984658185,1032,False
GISS-E2-2-G,ssp370,pr,False,3.246435121687936e-05,3.272380898180941e-05,3.6276332837080064e-06,5-95%,1.0,5.201128695701995e-07,2.5945776493005203e-07,0.14181116928614845,1032,False
GISS-E2-2-G,ssp370,psl,False,100997.00420148982,101004.83232648982,52.298888687015506,5-95%,0.9786821705426356,11.576541702785747,7.828125,0.722598445246488,1032,False
GISS-E2-2-G,ssp370,rsds,False,177.53273465651876,178.50732203047406,3.893326426661291,5-95%,0.873062015503876,1.314061134287183,0.9745873739553074,0.9610788151943906,1032,False
GISS-E2-2-G,ssp370,sfcWind,False,5.727493878482848,5.748630523219589,0.24915063288784767,5-95%,0.8992248062015504,0.07502136167548659,0.021136644736740973,0.15640262584220044,1032,False
GISS-E2-2-G,ssp370,tas,False,286.9070051917734,287.0451949659244,0.9375810844953681,5-95%,0.8808139534883721,0.2870622643438235,0.13818977415099795,0.9665318886579415,1032,False
GISS-E2-2-G,ssp370,tasmax,False,288.8064632859341,289.0098519436149,0.9036131274792575,5-95%,0.8062015503875969,0.31686398453063364,0.20338865768077988,0.9599511221461948,1032,False
GISS-E2-2-G,ssp370,tasmin,False,285.0171490159146,285.19522635881293,0.9821386706921468,5-95%,0.8614341085271318,0.3199677392052113,0.1780773428983476,0.9569220570303769,1032,False
GISS-E2-2-G,ssp370,ts,False,287.7872498090877,287.9787380011507,0.8691133011219115,5-95%,0.8255813953488372,0.30259960309126827,0.1914881920629698,0.9593251370483596,1032,False
GISS-E2-2-G,ssp585,hurs,True,78.14117251994998,78.42460502210514,0.873531230660372,5-95%,0.6637596899224806,0.4568073715802091,0.2834325021551561,0.7599286022954039,1032,False
GISS-E2-2-G,ssp585,huss,True,0.010436374907988226,0.010586103291770526,0.0005893000869022668,5-95%,0.7325581395348837,0.0002873338832756717,0.00014972838378229833,0.8249224094279436,1032,False
GISS-E2-2-G,ssp585,pr,True,3.273604404388917e-05,3.317041320361011e-05,3.8129495552248257e-06,5-95%,0.9912790697674418,6.958603729272381e-07,4.34369159720941e-07,-0.21580386533193785,1032,False
GISS-E2-2-G,ssp585,psl,True,100994.37180535369,101006.46173237645,53.23114250242248,5-95%,0.9321705426356589,15.134933977908824,12.089927022771318,0.5566207658807252,1032,False
GISS-E2-2-G,ssp585,rsds,True,177.9443140843118,178.16688800782197,3.948371901992679,5-95%,0.9321705426356589,1.0858785033745566,0.22257392351017502,0.9730515619562464,1032,False
GISS-E2-2-G,ssp585,sfcWind,True,5.736408055752747,5.738451624563498,0.25453484520431635,5-95%,0.8992248062015504,0.0791479911468257,0.002043568810751265,0.1454914349632953,1032,False
GISS-E2-2-G,ssp585,tas,True,287.2024427014728,287.53681522931237,0.9928566688715028,5-95%,0.6937984496124031,0.4695022911591883,0.3343725278396021,0.923644168701256,1032,False
GISS-E2-2-G,ssp585,tasmax,True,289.10386477329934,289.5081531909085,0.9500914581062258,5-95%,0.6201550387596899,0.5243882111598244,0.4042884176091647,0.9059266329723152,1032,False
GISS-E2-2-G,ssp585,tasmin,True,285.31080668841224,285.6771491294683,1.0329145091448644,5-95%,0.688953488372093,0.4901864282108199,0.36634244105612745,0.914321857759245,1032,False
GISS-E2-2-G,ssp585,ts,True,288.0673716345499,288.4716048129769,0.9273727771847752,5-95%,0.6153100775193798,0.5402558638614239,0.4042331784270544,0.889252449931155,1032,False
HadGEM3-GC31-LL,abrupt-2xCO2,hurs,False,75.53533240424262,75.68165736728244,0.7576156361897787,5-95%,0.81,0.2860643835422158,0.14632496303982204,0.9290492009868121,1800,False
HadGEM3-GC31-LL,abrupt-2xCO2,huss,False,0.011204083402537588,0.011062614700963876,0.0006881424686354088,5-95%,0.62,0.00035797506605717743,-0.00014146870157370902,0.5958688741864877,1800,False
HadGEM3-GC31-LL,abrupt-2xCO2,pr,False,3.807429474464799e-05,3.7769124974147415e-05,3.1189259486078906e-06,5-95%,0.9655555555555555,7.660885232730136e-07,-3.051697705005709e-07,0.09108018313043209,1800,False
HadGEM3-GC31-LL,abrupt-2xCO2,psl,False,101203.66037326389,101204.72024305556,43.573689236111115,5-95%,1.0,5.66813360636851,1.0598697916666666,0.8998347158681614,1800,False
HadGEM3-GC31-LL,abrupt-2xCO2,rsds,False,195.94754110548232,195.85914627075195,2.693355322943794,5-95%,0.9594444444444444,0.6579895600930056,-0.08839483473035804,0.9774980968985842,1800,False
HadGEM3-GC31-LL,abrupt-2xCO2,sfcWind,False,6.203833463986714,6.209760680198669,0.23923398680157132,5-95%,0.8755555555555555,0.07667209347835696,0.005927216211954742,0.4982352811897136,1800,False
HadGEM3-GC31-LL,abrupt-2xCO2,tas,False,289.85717178344726,289.58644770304363,1.080163523356121,5-95%,0.5072222222222222,0.6429420197683782,-0.2707240804036444,0.8256204799648422,1800,False
HadGEM3-GC31-LL,abrupt-2xCO2,tasmax,False,291.80295462714304,291.5497726949056,1.0530472819010412,5-95%,0.5122222222222222,0.6206492259060389,-0.25318193223741126,0.8441534100537434,1800,False
HadGEM3-GC31-LL,abrupt-2xCO2,tasmin,False,287.91338989257815,287.6000579833984,1.1227041965060762,5-95%,0.48388888888888887,0.6816450771848583,-0.3133319091796861,0.7914857938827194,1800,False
HadGEM3-GC31-LL,abrupt-2xCO2,ts,False,290.80998643663196,290.5242828877767,1.0261933898925786,5-95%,0.47555555555555556,0.6452064297277434,-0.28570354885525073,0.8277865269515587,1800,False
HadGEM3-GC31-LL,abrupt-4xCO2,hurs,True,74.94704638163249,74.99674161275227,0.9608572981092665,5-95%,0.7244444444444444,0.45436890277900444,0.04969523111979167,0.8812128803615639,1800,False
HadGEM3-GC31-LL,abrupt-4xCO2,huss,True,0.013579273256990597,0.013120513697051292,0.0009258408653032436,5-95%,0.23444444444444446,0.0009529572353506941,-0.0004587595599393039,0.1631852594232911,1800,False
HadGEM3-GC31-LL,abrupt-4xCO2,pr,True,4.0267613059970444e-05,3.965423133397255e-05,4.052970723730849e-06,5-95%,0.865,1.4488959311844793e-06,-6.133817259978968e-07,-0.224569966546877,1800,False
HadGEM3-GC31-LL,abrupt-4xCO2,psl,True,101233.07997829861,101238.77158420139,47.375989583333336,5-95%,0.8872222222222222,14.867932738718876,5.691605902777778,0.3791879417675892,1800,False
HadGEM3-GC31-LL,abrupt-4xCO2,rsds,True,196.81043950398762,196.6415370686849,3.2388766564263243,5-95%,0.8838888888888888,0.9820061558093882,-0.16890243530273244,0.9337226984536521,1800,False
HadGEM3-GC31-LL,abrupt-4xCO2,sfcWind,True,6.159310544331868,6.161165803273519,0.2614624892340766,5-95%,0.8744444444444445,0.08382979394518071,0.0018552589416504044,0.5011481403856883,1800,False
HadGEM3-GC31-LL,abrupt-4xCO2,tas,True,293.5754983350966,292.90584157307944,1.3972407192654075,5-95%,0.22722222222222221,1.4294662002270069,-0.6696567620171431,0.46408867753436944,1800,False
HadGEM3-GC31-LL,abrupt-4xCO2,tasmax,True,295.4752816263835,294.7012418111165,1.2922672695583775,5-95%,0.1938888888888889,1.4614255037299322,-0.7740398152669248,0.4712899951617011,1800,False
HadGEM3-GC31-LL,abrupt-4xCO2,tasmin,True,291.7041653611925,290.86606252034505,1.4223527696397578,5-95%,0.1988888888888889,1.5415570619102699,-0.8381028408474378,0.33597753868537683,1800,False
HadGEM3-GC31-LL,abrupt-4xCO2,ts,True,294.45731999715167,293.7488026767307,1.3748949517144098,5-95%,0.2222222222222222,1.4326839946665457,-0.7085173204210059,0.4608754157378274,1800,False
HadGEM3-GC31-LL,hist-GHG,hurs,False,75.90373032553154,76.00243770309359,0.76006732442458,5-95%,0.8903508771929824,0.23266951634044872,0.09870737756204884,0.9514967095764384,2052,False
HadGEM3-GC31-LL,hist-GHG,huss,False,0.00990008042315579,0.009859587545152596,0.0005364560265253808,5-95%,0.9892787524366472,0.00010860985078668323,-4.049287800319554e-05,0.9543308917292925,2052,False
HadGEM3-GC31-LL,hist-GHG,pr,False,3.659773221521182e-05,3.6684772976780006e-05,2.637502051119808e-06,5-95%,1.0,3.741656224589722e-07,8.704076156818504e-08,0.7568738480422016,2052,False
HadGEM3-GC31-LL,hist-GHG,psl,False,101193.78990009747,101192.53819063718,41.1074675621345,5-95%,1.0,5.34652478135753,-1.251709460282651,0.9287310637709281,2052,False
HadGEM3-GC31-LL,hist-GHG,rsds,False,195.32887610868636,195.37732678686666,2.517110709326077,5-95%,0.9717348927875243,0.5672053814110489,0.048450678180302395,0.986449675682703,2052,False
HadGEM3-GC31-LL,hist-GHG,sfcWind,False,6.215675792498895,6.219246106538159,0.23015590299639785,5-95%,0.8796296296296297,0.07484918630561394,0.0035703140392638116,0.5037421562268656,2052,False
HadGEM3-GC31-LL,hist-GHG,tas,False,287.4503897207755,287.4164687485723,0.8691112079583184,5-95%,0.9912280701754386,0.16790857224515734,-0.03392097220318464,0.989051136304156,2052,False
HadGEM3-GC31-LL,hist-GHG,tasmax,False,289.43772797463697,289.43648436845626,0.8678263316609934,5-95%,0.9941520467836257,0.1636749251796201,-0.0012436061807065716,0.9896311733731679,2052,False
HadGEM3-GC31-LL,hist-GHG,tasmin,False,285.4442774603474,285.40670055069654,0.932965893959209,5-95%,0.9917153996101364,0.17110497803405886,-0.03757690965083469,0.9883401063342615,2052,False
HadGEM3-GC31-LL,hist-GHG,ts,False,288.4411712705973,288.44707576759146,0.8082163701048133,5-95%,0.9926900584795322,0.15490882269015155,0.005904496994168689,0.9909232754121164,2052,False
HadGEM3-GC31-LL,hist-aer,hurs,False,75.99336331908466,76.12225568596615,0.7912889595849705,5-95%,0.8728070175438597,0.2614759818587587,0.1288923668814914,0.9439814713870472,2052,False
HadGEM3-GC31-LL,hist-aer,huss,False,0.00928506427662366,0.009223555435279434,0.0004616277124442269,5-95%,0.945906432748538,0.0001227456120586035,-6.150884134422619e-05,0.8867280528156968,2052,False
HadGEM3-GC31-LL,hist-aer,pr,False,3.561191158695963e-05,3.604162013384906e-05,2.4563657513254125e-06,5-95%,0.9566276803118908,5.894418153570216e-07,4.2970854688942305e-07,0.38926897417287376,2052,False
HadGEM3-GC31-LL,hist-aer,psl,False,101190.68081825657,101191.3821538438,42.04950962475633,5-95%,0.9990253411306043,6.2706222070262525,0.7013355872319688,0.9134031707526943,2052,False
HadGEM3-GC31-LL,hist-aer,rsds,False,193.80639282583493,193.8074411165412,2.6408097190931303,5-95%,0.9468810916179338,0.69030248194657,0.001048290706286772,0.984115165021176,2052,False
HadGEM3-GC31-LL,hist-aer,sfcWind,False,6.21613887295156,6.222919386265106,0.22678269350040725,5-95%,0.8762183235867447,0.07358143955723558,0.006780513313546285,0.48253129998438127,2052,False
HadGEM3-GC31-LL,hist-aer,tas,False,286.2333861680059,286.18972116511236,0.7740493387739094,5-95%,0.9551656920077972,0.19393484578230857,-0.04366500289351752,0.9845387232871003,2052,False
HadGEM3-GC31-LL,hist-aer,tasmax,False,288.24408982185827,288.23146733810097,0.7714623791432513,5-95%,0.9600389863547758,0.1834352034992216,-0.012622483757270429,0.9860195121317954,2052,False
HadGEM3-GC31-LL,hist-aer,tasmin,False,284.1927872150265,284.18605417768396,0.848065471091466,5-95%,0.9580896686159844,0.2055751500866499,-0.006733037342568641,0.9823052123745905,2052,False
HadGEM3-GC31-LL,hist-aer,ts,False,287.23223432276916,287.3039260775025,0.7225511338975696,5-95%,0.9147173489278753,0.21261455824375936,0.0716917547333788,0.9821130175364219,2052,False
HadGEM3-GC31-LL,hist-nat,hurs,False,75.91575737817477,76.05298085798297,0.7781776628996196,5-95%,0.8879142300194932,0.24862771882388024,0.1372234798081902,0.945705343996301,2052,False
HadGEM3-GC31-LL,hist-nat,huss,False,0.009630280624908033,0.009470803963590445,0.00048205183254333554,5-95%,0.8591617933723197,0.00018254482847510862,-0.00015947666131758815,0.7425331806357983,2052,False
HadGEM3-GC31-LL,hist-nat,pr,False,3.630536754647545e-05,3.6315760110183475e-05,2.536529816361916e-06,5-95%,0.9980506822612085,3.4389316612060054e-07,1.0392563708024854e-08,0.7242497111785873,2052,False
HadGEM3-GC31-LL,hist-nat,psl,False,101191.86770528753,101191.08575855872,40.98691063596491,5-95%,1.0,5.408363516390283,-0.7819467288011696,0.9294660751400782,2052,False
HadGEM3-GC31-LL,hist-nat,rsds,False,195.25694492778814,195.07072670324968,2.4793558176497976,5-95%,0.9468810916179338,0.6417315729523287,-0.18621822453846287,0.983337795442818,2052,False
HadGEM3-GC31-LL,hist-nat,sfcWind,False,6.212559768795734,6.220246436070745,0.22769778049015393,5-95%,0.8723196881091618,0.07430762361799932,0.007686667275010508,0.49220381636585786,2052,False
HadGEM3-GC31-LL,hist-nat,tas,False,286.9652889467355,286.68956100731566,0.78751687092623,5-95%,0.7738791423001949,0.314250939633433,-0.27572793941981044,0.9560292912825213,2052,False
HadGEM3-GC31-LL,hist-nat,tasmax,False,288.9619866532889,288.7204796714857,0.7883766129700057,5-95%,0.8518518518518519,0.2826734826498005,-0.24150698180319405,0.9644325524400901,2052,False
HadGEM3-GC31-LL,hist-nat,tasmin,False,284.94460976286473,284.66653423049064,0.8586526168020145,5-95%,0.7865497076023392,0.31784070479385856,-0.27807553237409277,0.9535829143785112,2052,False
HadGEM3-GC31-LL,hist-nat,ts,False,287.96439645629647,287.75980524431196,0.7287854646381585,5-95%,0.8601364522417154,0.2522082204375458,-0.20459121198449606,0.9727214556326328,2052,False
HadGEM3-GC31-LL,historical,hurs,False,75.96421482201778,76.0926810871471,0.7737719757388336,5-95%,0.8747474747474747,0.24938840690069355,0.12846626512932055,0.9460653631614083,1980,False
HadGEM3-GC31-LL,historical,huss,False,0.009583705491527416,0.009613441262450586,0.0005054850592230894,5-95%,0.9762626262626263,0.00011048991002967986,2.9735770923169634e-05,0.9119953833268489,1980,False
HadGEM3-GC31-LL,historical,pr,False,3.599592967319298e-05,3.624437275434364e-05,2.548308732755943e-06,5-95%,0.9868686868686869,4.933015121132876e-07,2.4844308115066866e-07,0.4317256734941217,1980,False
HadGEM3-GC31-LL,historical,psl,False,101191.98748027146,101190.3994436553,41.75274621212121,5-95%,1.0,5.981446032873333,-1.5880366161616162,0.9140262052335404,1980,False
HadGEM3-GC31-LL,historical,rsds,False,193.9364444617069,193.94228870892766,2.656076257879084,5-95%,0.953030303030303,0.6596811954884026,0.005844247220744218,0.9853853918542717,1980,False
HadGEM3-GC31-LL,historical,sfcWind,False,6.231126360459761,6.219436326412239,0.22872848486659503,5-95%,0.8696969696969697,0.07548602540868543,-0.011690034047521725,0.4493389807352144,1980,False
HadGEM3-GC31-LL,historical,tas,False,286.8339117493292,286.9462737112334,0.8348482998934657,5-95%,0.9419191919191919,0.21953289360194483,0.1123619619041997,0.9787176579596403,1980,False
HadGEM3-GC31-LL,historical,tasmax,False,288.8375035449712,288.97080276951647,0.8357617310803341,5-95%,0.9328282828282828,0.22909069400147858,0.133299224545259,0.9768394051399897,1980,False
HadGEM3-GC31-LL,historical,tasmin,False,284.8085047558101,284.9646734526663,0.9009977244367505,5-95%,0.9267676767676768,0.261885452363873,0.15616869685625853,0.9688543908186265,1980,False
HadGEM3-GC31-LL,historical,ts,False,287.83289744059243,288.0188619440252,0.776611513080019,5-95%,0.8611111111111112,0.26593760576176473,0.18596450343276633,0.9698557480138454,1980,False
HadGEM3-GC31-LL,ssp126,hurs,False,75.62858639206998,75.81109643536945,0.7568165830863539,5-95%,0.7877906976744186,0.29215218094184975,0.18251004329947537,0.926850160472656,1032,False
HadGEM3-GC31-LL,ssp126,huss,False,0.010725644954061449,0.010927839779526004,0.0006603397891040922,5-95%,0.7974806201550387,0.0002386377160214472,0.000202194825464556,0.7508879071552543,1032,False
HadGEM3-GC31-LL,ssp126,pr,False,3.750285098481812e-05,3.770920631173202e-05,3.0487936120441944e-06,5-95%,0.9922480620155039,5.47047074073165e-07,2.0635532691389817e-07,0.4367849938578109,1032,False
HadGEM3-GC31-LL,ssp126,psl,False,101199.85143380571,101203.51202913033,43.34574097625969,5-95%,1.0,6.42521694922714,3.660595324612403,0.8783010350567877,1032,False
HadGEM3-GC31-LL,ssp126,rsds,False,195.22126960754395,195.0413348619328,2.7529884456664093,5-95%,0.9718992248062015,0.6187912197059754,-0.17993474561114461,0.9838701235846316,1032,False
HadGEM3-GC31-LL,ssp126,sfcWind,False,6.225478338178738,6.21314997174019,0.23858109925144402,5-95%,0.8992248062015504,0.07320269470740111,-0.01232836643854777,0.45581120382160256,1032,False
HadGEM3-GC31-LL,ssp126,tas,False,289.0413278978924,289.32944204640944,1.0376684795054356,5-95%,0.8294573643410853,0.36613840404304043,0.28811414851698863,0.9403031867592896,1032,False
HadGEM3-GC31-LL,ssp126,tasmax,False,291.0094493304112,291.3056836091271,1.0114665364110202,5-95%,0.8052325581395349,0.37216275921397396,0.29623427871585983,0.9402763728252044,1032,False
HadGEM3-GC31-LL,ssp126,tasmin,False,287.0729868984962,287.3590780746105,1.0794267580490702,5-95%,0.8527131782945736,0.37143737171816965,0.28609117611434304,0.9350913748187311,1032,False
HadGEM3-GC31-LL,ssp126,ts,False,290.02222173528156,290.27670199372045,0.9861236099124882,5-95%,0.8333333333333334,0.34039678103157506,0.2544802584389411,0.9497887481074011,1032,False
HadGEM3-GC31-LL,ssp585,hurs,True,75.48519223974657,75.53653991314792,0.8691455116567686,5-95%,0.8381782945736435,0.30746341975915403,0.051347673401352045,0.9284833124216972,1032,False
HadGEM3-GC31-LL,ssp585,huss,True,0.011665729508020455,0.011996404304847708,0.0007418586914030513,5-95%,0.5901162790697675,0.0004100908801578072,0.0003306747968272526,0.8686026730900849,1032,False
HadGEM3-GC31-LL,ssp585,pr,True,3.811164626397861e-05,3.8475187515599436e-05,3.6273209815583186e-06,5-95%,0.997093023255814,6.526723963043181e-07,3.635412516208211e-07,0.7060595076153524,1032,False
HadGEM3-GC31-LL,ssp585,psl,True,101210.02423237645,101219.25570796996,46.97406431686046,5-95%,0.937984496124031,12.824226421709005,9.231475593507753,0.5978409783216831,1032,False
HadGEM3-GC31-LL,ssp585,rsds,True,194.2687136036481,194.2070157398549,3.1112891204597415,5-95%,0.9806201550387597,0.6485164494582819,-0.06169786379318771,0.981668266961147,1032,False
HadGEM3-GC31-LL,ssp585,sfcWind,True,6.216334493123283,6.186171551545461,0.25015296862106917,5-95%,0.8594961240310077,0.08592530203983718,-0.030162941577822656,0.3326582035608402,1032,False
HadGEM3-GC31-LL,ssp585,tas,True,290.55774431450425,291.02352503103805,1.1369559117989956,5-95%,0.6288759689922481,0.5793742940633583,0.4657807165338097,0.9311766505737195,1032,False
HadGEM3-GC31-LL,ssp585,tasmax,True,292.50094228936723,292.91941851238875,1.0805907434271287,5-95%,0.685077519379845,0.5048822420787686,0.41847622302151566,0.9484227680324747,1032,False
HadGEM3-GC31-LL,ssp585,tasmin,True,288.632616205733,289.03453548934107,1.1701260056606573,5-95%,0.7936046511627907,0.49092335840401347,0.40191928360813467,0.9500581381527783,1032,False
HadGEM3-GC31-LL,ssp585,ts,True,291.50444314646165,291.9470109274221,1.1082137943238255,5-95%,0.6579457364341085,0.5480335641495848,0.4425677809604395,0.9379388493837086,1032,False
HadGEM3-GC31-MM,abrupt-4xCO2,hurs,True,74.66641408708361,74.83720847235786,0.9591172451443143,5-95%,0.7205555555555555,0.4759905481368657,0.1707943852742513,0.8781596016770004,1800,False
HadGEM3-GC31-MM,abrupt-4xCO2,huss,True,0.013498603934422084,0.013036628505732398,0.0009108958921084803,5-95%,0.2288888888888889,0.0009585130372723329,-0.00046197542868968563,0.11438846085619114,1800,False
HadGEM3-GC31-MM,abrupt-4xCO2,pr,True,4.0355987136232824e-05,3.9760723288458795e-05,4.027569068259456e-06,5-95%,0.8305555555555556,1.4966300758263316e-06,-5.952638477740239e-07,-0.3854487137079248,1800,False
HadGEM3-GC31-MM,abrupt-4xCO2,psl,True,101242.95844618055,101248.72265190972,47.501241319444446,5-95%,0.88,14.9206685664768,5.764205729166667,0.43536349198401636,1800,False
HadGEM3-GC31-MM,abrupt-4xCO2,rsds,True,197.71923719618056,197.4745528327094,3.2257391781277116,5-95%,0.9222222222222223,0.8705766632821231,-0.24468436347113634,0.9461487352802485,1800,False
HadGEM3-GC31-MM,abrupt-4xCO2,sfcWind,True,6.329957740571764,6.307755901018779,0.26219576279322304,5-95%,0.86,0.08707311398140465,-0.022201839552985277,0.35821423194381463,1800,False
HadGEM3-GC31-MM,abrupt-4xCO2,tas,True,293.6151810201009,292.84758138020834,1.3632805887858073,5-95%,0.2127777777777778,1.4756621675605341,-0.7675996398925771,0.43284030338230084,1800,False
HadGEM3-GC31-MM,abrupt-4xCO2,tasmax,True,295.59220933702255,294.78929289076063,1.2767759704589838,5-95%,0.18944444444444444,1.478800881008423,-0.8029164462619347,0.46203997745912406,1800,False
HadGEM3-GC31-MM,abrupt-4xCO2,tasmin,True,291.68870546129017,290.70766559176974,1.3843944295247397,5-95%,0.17555555555555555,1.6153629327530687,-0.9810398695203983,0.2769554312913045,1800,False
HadGEM3-GC31-MM,abrupt-4xCO2,ts,True,294.4663649834527,293.6843875800239,1.3467738850911448,5-95%,0.2088888888888889,1.4678922846536007,-0.7819774034288173,0.44209669201198865,1800,False
HadGEM3-GC31-MM,historical,hurs,False,75.68887535249344,75.8169167027329,0.7734630738845979,5-95%,0.8702020202020202,0.25837557360146357,0.1280413502394551,0.9464604281004717,1980,False
HadGEM3-GC31-MM,historical,huss,False,0.009651946173886709,0.009659931257912707,0.000503099959513003,5-95%,0.9737373737373738,0.00011149317281988718,7.985084025997415e-06,0.9075849272141725,1980,False
HadGEM3-GC31-MM,historical,pr,False,3.635937169894183e-05,3.670952005771628e-05,2.542468705587912e-06,5-95%,0.9747474747474747,5.429035153321237e-07,3.501483587744515e-07,0.32292686722833863,1980,False
HadGEM3-GC31-MM,historical,psl,False,101202.61040877525,101202.83456833965,41.69011600378788,5-95%,0.9984848484848485,5.959361633307451,0.2241595643939394,0.9101101230036563,1980,False
HadGEM3-GC31-MM,historical,rsds,False,195.12402033950343,195.14516160753038,2.659451656148891,5-95%,0.954040404040404,0.6577800456953041,0.02114126802695192,0.9831276736144549,1980,False
HadGEM3-GC31-MM,historical,sfcWind,False,6.398095629672811,6.394212272913769,0.2294640565159345,5-95%,0.8883838383838384,0.07105949154357112,-0.0038833567590424427,0.5161837041901847,1980,False
HadGEM3-GC31-MM,historical,tas,False,287.13945184572776,287.1741759945648,0.8102628919813366,5-95%,0.9747474747474747,0.1777764837030265,0.03472414883700434,0.9863694820132333,1980,False
HadGEM3-GC31-MM,historical,tasmax,False,289.20724391744596,289.26405140269884,0.8186717948528244,5-95%,0.9717171717171718,0.18303181594561538,0.056807485252921945,0.9854883682187537,1980,False
HadGEM3-GC31-MM,historical,tasmin,False,285.0714797357116,285.1437582767371,0.8756532303010576,5-95%,0.9661616161616161,0.2075701574743847,0.07227854102549015,0.9811368112712112,1980,False
HadGEM3-GC31-MM,historical,ts,False,288.10207484081536,288.21665205522015,0.7551594281437418,5-95%,0.9393939393939394,0.21087474853917346,0.11457721440479113,0.9816112593993315,1980,False
HadGEM3-GC31-MM,ssp126,hurs,False,75.3705535341603,75.57311610288399,0.7640647074972936,5-95%,0.750968992248062,0.3089096841571935,0.20256256872369338,0.9289876598588639,1032,False
HadGEM3-GC31-MM,ssp126,huss,False,0.010742984512683618,0.010919080171806242,0.0006483619375688634,5-95%,0.8032945736434108,0.00022755977498994465,0.00017609565912262334,0.7909766912146916,1032,False
HadGEM3-GC31-MM,ssp126,pr,False,3.778661286997358e-05,3.8024985868584855e-05,3.035579496543844e-06,5-95%,0.9651162790697675,6.609874571752039e-07,2.3837299861127602e-07,0.32103977311610776,1032,False
HadGEM3-GC31-MM,ssp126,psl,False,101210.54697341328,101215.13546965843,43.355975956879846,5-95%,0.999031007751938,7.178827256964603,4.588496245155039,0.8525971784308417,1032,False
HadGEM3-GC31-MM,ssp126,rsds,False,196.24760324640792,196.07464092461638,2.7614829632662983,5-95%,0.9563953488372093,0.6440643484476846,-0.17296232179153626,0.9804772087668064,1032,False
HadGEM3-GC31-MM,ssp126,sfcWind,False,6.401302675868189,6.374912302161372,0.23969960859579634,5-95%,0.8992248062015504,0.07347056463840003,-0.02639037370681763,0.4499334847077685,1032,False
HadGEM3-GC31-MM,ssp126,tas,False,289.24227050662967,289.4283788222675,1.0019700989242672,5-95%,0.8662790697674418,0.32117208969459293,0.18610831563787097,0.9583431259414129,1032,False
HadGEM3-GC31-MM,ssp126,tasmax,False,291.26886524525725,291.49923017043477,0.9904778354851772,5-95%,0.8226744186046512,0.34732453335445107,0.23036492517752427,0.9522540121517719,1032,False
HadGEM3-GC31-MM,ssp126,tasmin,False,287.2368374018706,287.3864475220673,1.0405948845915094,5-95%,0.8972868217054264,0.3273433225983261,0.1496101201966774,0.9552193028437244,1032,False
HadGEM3-GC31-MM,ssp126,ts,False,290.1862690947777,290.3579364451327,0.9543149194052055,5-95%,0.8333333333333334,0.32449185110500783,0.1716673503550458,0.9588695856434984,1032,False
HadGEM3-GC31-MM,ssp585,hurs,True,75.20786589984746,75.33695853773014,0.8651604024014732,5-95%,0.8313953488372093,0.3059900100910605,0.12909263788267625,0.9348162822298195,1032,False
HadGEM3-GC31-MM,ssp585,huss,True,0.011646623434426663,0.011951209535973836,0.0007273141807306183,5-95%,0.6724806201550387,0.00036005886847318374,0.00030458610154717093,0.9000053265723429,1032,False
HadGEM3-GC31-MM,ssp585,pr,True,3.831957022954129e-05,3.8694005165462987e-05,3.59673077942124e-06,5-95%,0.9796511627906976,7.467754860429204e-07,3.7443493592170187e-07,0.62834853264504,1032,False
HadGEM3-GC31-MM,ssp585,psl,True,101220.14640867247,101229.97006722384,46.99703246124031,5-95%,0.9467054263565892,12.740108853035823,9.823658551356589,0.596691014625895,1032,False
HadGEM3-GC31-MM,ssp585,rsds,True,195.2748804609905,195.19834503646968,3.098524951195532,5-95%,0.9748062015503876,0.6525460678832475,-0.07653542452080116,0.9793665053417491,1032,False
HadGEM3-GC31-MM,ssp585,sfcWind,True,6.390712177106576,6.3405913008275885,0.2506808024044185,5-95%,0.8313953488372093,0.09052225693580346,-0.05012087627898815,0.2167785603569501,1032,False
HadGEM3-GC31-MM,ssp585,tas,True,290.6842496709306,291.04436886218167,1.1019785977149197,5-95%,0.8255813953488372,0.43837987911048965,0.3601191912510608,0.962208772761165,1032,False
HadGEM3-GC31-MM,ssp585,tasmax,True,292.6959024769391,293.0607534896496,1.058056912680929,5-95%,0.814922480620155,0.4232288040782735,0.3648510127104546,0.9651230792220556,1032,False
HadGEM3-GC31-MM,ssp585,tasmin,True,288.7137070589287,288.96776427039805,1.1346940920334458,5-95%,0.9670542635658915,0.323970932988204,0.25405721146931154,0.9792562381566199,1032,False
HadGEM3-GC31-MM,ssp585,ts,True,291.597502331401,291.9556019805199,1.0747290322946945,5-95%,0.8333333333333334,0.43101566129066937,0.3580996491188238,0.9633533547099558,1032,False
INM-CM4-8,abrupt-4xCO2,hurs,True,76.8264100350274,76.63284862942166,0.8913851335313585,5-95%,0.8127777777777778,0.33580263259192117,-0.19356140560574,0.9055426711981971,1800,False
INM-CM4-8,abrupt-4xCO2,huss,True,0.011018149392782766,0.011291035359414867,0.0006883970394523607,5-95%,0.6738888888888889,0.0003644042929818292,0.00027288596663210026,0.41987268863375526,1800,False
INM-CM4-8,abrupt-4xCO2,pr,True,3.6474937955467286e-05,3.620435716180105e-05,3.7062725217159217e-06,5-95%,0.9711111111111111,8.268369534447809e-07,-2.705807936662395e-07,-0.11473402138793176,1800,False
INM-CM4-8,abrupt-4xCO2,psl,True,101034.72951822917,101038.79299913194,50.14420138888889,5-95%,0.9938888888888889,8.160193598326849,4.063480902777778,0.901694781856238,1800,False
INM-CM4-8,abrupt-4xCO2,rsds,True,198.48043822394476,198.96316282484267,3.181947352091471,5-95%,0.9627777777777777,0.8193434599313499,0.48272460089789593,0.9790822240705024,1800,False
INM-CM4-8,abrupt-4xCO2,sfcWind,True,5.794760159916348,5.789441605408986,0.25570676035351225,5-95%,0.9488888888888889,0.06560400513058046,-0.005318554507361496,0.5420917908679063,1800,False
INM-CM4-8,abrupt-4xCO2,tas,True,289.5752530246311,289.8420572068956,1.0113494194878463,5-95%,0.7788888888888889,0.49738146428763924,0.2668041822645416,0.8879840264819489,1800,False
INM-CM4-8,abrupt-4xCO2,tasmax,True,291.55258602566187,291.7877405463325,0.953293779161241,5-95%,0.7827777777777778,0.4728447804445429,0.2351545206705752,0.9045388274035401,1800,False
INM-CM4-8,abrupt-4xCO2,tasmin,True,287.7197361924913,287.8996590169271,1.0588611857096357,5-95%,0.8277777777777777,0.4771583743656231,0.17992282443576452,0.8871953930532197,1800,False
INM-CM4-8,abrupt-4xCO2,ts,True,290.42412290785046,290.7218222215441,0.991043735080295,5-95%,0.7566666666666667,0.51557479090445,0.29769931369357683,0.8782636719002976,1800,False
INM-CM4-8,historical,hurs,False,76.13032482416943,76.2901231361158,0.8076602550468059,5-95%,0.8424242424242424,0.28190472340571204,0.15979831194636798,0.9308329427730851,1980,False
INM-CM4-8,historical,huss,False,0.009439408614986875,0.009319090778760636,0.00042573806989674616,5-95%,0.9025252525252525,0.00014859372408448872,-0.00012031783622623647,0.8547492482034897,1980,False
INM-CM4-8,historical,pr,False,3.488583103597818e-05,3.465354922001198e-05,2.542871152400039e-06,5-95%,0.9984848484848485,4.867826292308293e-07,-2.3228181596619617e-07,0.48747348524721756,1980,False
INM-CM4-8,historical,psl,False,101066.58581518308,101065.3181897096,42.22337436868687,5-95%,0.998989898989899,7.385409414548118,-1.2676254734848484,0.9264982126428207,1980,False
INM-CM4-8,historical,rsds,False,200.8847653629804,200.8708779614381,2.7715272537385576,5-95%,0.9565656565656566,0.6634159585860034,-0.013887401542275954,0.9889553320377428,1980,False
INM-CM4-8,historical,sfcWind,False,5.885575428394356,5.884049619568719,0.22722884693531076,5-95%,0.9414141414141414,0.058119217260228874,-0.0015258088256373452,0.5096799640474577,1980,False
INM-CM4-8,historical,tas,False,286.73623954695887,286.5713208285245,0.659289535368331,5-95%,0.8171717171717172,0.23558273114807318,-0.1649187184343424,0.9766528683670777,1980,False
INM-CM4-8,historical,tasmax,False,288.80954475788155,288.58467499704074,0.6659941702178026,5-95%,0.7176767676767677,0.2802904081414272,-0.22486976084082885,0.9681091505436231,1980,False
INM-CM4-8,historical,tasmin,False,284.78724802961256,284.6121359931098,0.7226174094460232,5-95%,0.8267676767676768,0.246772313528448,-0.17511203650272075,0.972548740733441,1980,False
INM-CM4-8,historical,ts,False,287.6280263264974,287.5259175926748,0.6275316951250788,5-95%,0.8792929292929293,0.2012952746185642,-0.10210873382259945,0.98265545902515,1980,False
INM-CM4-8,ssp126,hurs,False,76.39007973486139,76.5027834426525,0.787765621214874,5-95%,0.8604651162790697,0.260425039999533,0.11270370779111404,0.9408994257209009,1032,False
INM-CM4-8,ssp126,huss,False,0.010070314486474906,0.01000453660611145,0.0005003740946047543,5-95%,0.9815891472868217,0.00010952680252101974,-6.577788036345591e-05,0.9217604601189866,1032,False
INM-CM4-8,ssp126,pr,False,3.5694944581478045e-05,3.5306050731448993e-05,2.8754504223057706e-06,5-95%,0.9883720930232558,6.375870021633703e-07,-3.888938500290527e-07,-0.017196469458676367,1032,False
INM-CM4-8,ssp126,psl,False,101053.13818737888,101052.77536791425,43.426379299903104,5-95%,1.0,5.754810698108253,-0.36281946463178294,0.9541176746785437,1032,False
INM-CM4-8,ssp126,rsds,False,200.13255601335865,199.85485418452774,2.918298277744026,5-95%,0.9622093023255814,0.6688777768465375,-0.27770182883092354,0.9881292606452575,1032,False
INM-CM4-8,ssp126,sfcWind,False,5.85414152829222,5.857072763202726,0.23473093676012616,5-95%,0.9457364341085271,0.05958693581877553,0.00293123491050661,0.522707529702866,1032,False
INM-CM4-8,ssp126,tas,False,287.9097830898078,287.7868538198545,0.7409669743027809,5-95%,0.9156976744186046,0.18976031521170267,-0.1229292699532915,0.9841968290039418,1032,False
INM-CM4-8,ssp126,tasmax,False,289.939715511115,289.79956968440564,0.7389294232508927,5-95%,0.8856589147286822,0.21480962538237502,-0.14014582670936068,0.9807397259767006,1032,False
INM-CM4-8,ssp126,tasmin,False,286.00166699313377,285.86136887424675,0.7912487059600589,5-95%,0.9525193798449613,0.194302682706838,-0.1402981188870205,0.9819436092956625,1032,False
INM-CM4-8,ssp126,ts,False,288.7867202758789,288.7049175528593,0.710519864577655,5-95%,0.9321705426356589,0.17688111815981666,-0.08180272301962133,0.9860660832184308,1032,False
INM-CM4-8,ssp370,hurs,False,76.63045758979266,76.65840507477753,0.8262802907662798,5-95%,0.8982558139534884,0.24647602801691815,0.027947484984878423,0.9494316443252523,1032,False
INM-CM4-8,ssp370,huss,False,0.01052716627623159,0.010359897744812947,0.0005310734078764587,5-95%,0.875,0.00018828730328472913,-0.00016726853141864264,0.8998282987352978,1032,False
INM-CM4-8,ssp370,pr,False,3.607353589761133e-05,3.524348916781569e-05,3.1943100217430646e-06,5-95%,0.935077519379845,1.0046409827652814e-06,-8.30046729795642e-07,-0.6411744702743745,1032,False
INM-CM4-8,ssp370,psl,False,101044.79421027131,101044.52837330426,47.787752846414726,5-95%,1.0,5.580915212309749,-0.2658369670542636,0.9598820953641138,1032,False
INM-CM4-8,ssp370,rsds,False,198.64412051947542,198.0667409379353,3.070336615392405,5-95%,0.9244186046511628,0.8369971077196922,-0.5773795815401292,0.9802550438123961,1032,False
INM-CM4-8,ssp370,sfcWind,False,5.830891156381415,5.836068742497023,0.24078774590824925,5-95%,0.9544573643410853,0.05892833903675716,0.005177586115607934,0.5721589799771014,1032,False
INM-CM4-8,ssp370,tas,False,288.6847656309143,288.29852049480115,0.7822868288025375,5-95%,0.4932170542635659,0.40535136333678645,-0.38624513611312866,0.9415805115476416,1032,False
INM-CM4-8,ssp370,tasmax,False,290.672129608864,290.2879746311395,0.7626184567000517,5-95%,0.47189922480620156,0.4073751957039493,-0.3841549777245322,0.942727310883155,1032,False
INM-CM4-8,ssp370,tasmin,False,286.8196175745291,286.38674539373824,0.8385680146919665,5-95%,0.436046511627907,0.4576570665874732,-0.4328721807908622,0.9213737797645805,1032,False
INM-CM4-8,ssp370,ts,False,289.5415707669517,289.2238969433215,0.756214319273484,5-95%,0.623062015503876,0.343412770859927,-0.3176738236301617,0.957267406187908,1032,False
INM-CM4-8,ssp585,hurs,True,76.66595878157504,76.68060290905856,0.8540428146835446,5-95%,0.8604651162790697,0.28467923673041967,0.014644127483515776,0.9366636126933574,1032,False
INM-CM4-8,ssp585,huss,True,0.010707214240042456,0.01064403754904457,0.0005625018068452112,5-95%,0.8333333333333334,0.00021299261169726162,-6.317669099788723e-05,0.9031090939848841,1032,False
INM-CM4-8,ssp585,pr,True,3.638224130244375e-05,3.561255199702271e-05,3.3404855119358195e-06,5-95%,0.9273255813953488,1.001690117278263e-06,-7.696893054210444e-07,-0.2284572585398963,1032,False
INM-CM4-8,ssp585,psl,True,101041.17510749758,101043.49186197917,48.683041121608525,5-95%,1.0,6.572981547364645,2.316754481589147,0.9470181116427483,1032,False
INM-CM4-8,ssp585,rsds,True,199.21437004739923,198.2401325018831,3.1281500232312105,5-95%,0.7926356589147286,1.1884524176067264,-0.9742375455161376,0.9576987342603737,1032,False
INM-CM4-8,ssp585,sfcWind,True,5.827282713827237,5.824342817761178,0.244793994944225,5-95%,0.9486434108527132,0.0637147801998093,-0.0029398960660594405,0.5457597114301094,1032,False
INM-CM4-8,ssp585,tas,True,288.9972554288169,288.7479878506919,0.8282375483549853,5-95%,0.6211240310077519,0.3630748962815678,-0.2492675781249994,0.9565401388572012,1032,False
INM-CM4-8,ssp585,tasmax,True,290.9768116086028,290.73134920578593,0.8018868616385043,5-95%,0.6162790697674418,0.36693361935484287,-0.2454624028168898,0.9565663258188921,1032,False
INM-CM4-8,ssp585,tasmin,True,287.136469523112,286.8180302760398,0.8834006730900241,5-95%,0.5833333333333334,0.39298163637698397,-0.318439247072204,0.9468101709569677,1032,False
INM-CM4-8,ssp585,ts,True,289.8537866755049,289.6621366988781,0.8098482826883479,5-95%,0.687984496124031,0.32844962448515136,-0.19164997662684688,0.9637461227915826,1032,False
INM-CM5-0,abrupt-4xCO2,hurs,True,76.57814441257052,76.16652522616916,0.8847146860758464,5-95%,0.5461111111111111,0.48242933513399683,-0.4116191864013672,0.7724137411768454,1800,False
INM-CM5-0,abrupt-4xCO2,huss,True,0.010851846158297478,0.01127742700537455,0.0007025115336808903,5-95%,0.36277777777777775,0.0004841620737759848,0.00042558084707707266,0.032787695397956784,1800,False
INM-CM5-0,abrupt-4xCO2,pr,True,3.637433638383906e-05,3.604151072876347e-05,3.706096067617182e-06,5-95%,0.9744444444444444,8.107166840027555e-07,-3.3282565507559214e-07,0.09795728347049837,1800,False
INM-CM5-0,abrupt-4xCO2,psl,True,101037.81644965278,101050.30399739584,49.53166232638889,5-95%,0.9705555555555555,14.094595752572674,12.487547743055556,0.6880244097094861,1800,False
INM-CM5-0,abrupt-4xCO2,rsds,True,197.65296749538845,198.74008746676975,3.1908042314317497,5-95%,0.8066666666666666,1.285152184772308,1.0871199713812951,0.9495542497450518,1800,False
INM-CM5-0,abrupt-4xCO2,sfcWind,True,5.820770559575823,5.8014137371381125,0.25654135439130993,5-95%,0.9216666666666666,0.07310276272307427,-0.01935682243771023,0.6050603857348198,1800,False
INM-CM5-0,abrupt-4xCO2,tas,True,289.3891406080458,289.9197861565484,1.0519660101996522,5-95%,0.5505555555555556,0.6659965773492577,0.530645548502605,0.7683231028954612,1800,False
INM-CM5-0,abrupt-4xCO2,tasmax,True,291.35741002400715,291.88667236328126,0.9937245178222661,5-95%,0.5127777777777778,0.6621883528420777,0.5292623392740897,0.7862889862955054,1800,False
INM-CM5-0,abrupt-4xCO2,tasmin,True,287.54196721394857,287.9367116970486,1.0897895982530377,5-95%,0.7338888888888889,0.5683161350739392,0.3947444831000453,0.8135553684715104,1800,False
INM-CM5-0,abrupt-4xCO2,ts,True,290.20668226453995,290.82439005533854,1.0303535970052087,5-95%,0.43222222222222223,0.7370098230581793,0.6177077907986124,0.709293844804572,1800,False
INM-CM5-0,historical,hurs,False,75.84807830579354,76.0349935242624,0.8024221131295869,5-95%,0.8191919191919191,0.2894787678328877,0.18691521846886838,0.9215490185524463,1980,False
INM-CM5-0,historical,huss,False,0.009286271363515546,0.009185748685132476,0.000430453434172602,5-95%,0.9338383838383838,0.0001315888638331949,-0.00010052267838307058,0.8893816324256513,1980,False
INM-CM5-0,historical,pr,False,3.4764318038607156e-05,3.46466250126891e-05,2.5344599432881095e-06,5-95%,0.9964646464646465,4.500522379206161e-07,-1.1769302591806127e-07,0.6422887357637133,1980,False
INM-CM5-0,historical,psl,False,101070.78566919192,101068.4806344697,42.18907433712121,5-95%,1.0,5.554794660152749,-2.305034722222222,0.9566429611038737,1980,False
INM-CM5-0,historical,rsds,False,200.09318765197136,199.98403775764234,2.7567140983812735,5-95%,0.951010101010101,0.7159668577317106,-0.10914989432903154,0.9868978390544147,1980,False
INM-CM5-0,historical,sfcWind,False,5.903203654289245,5.901990879424894,0.22684001778111312,5-95%,0.9166666666666666,0.06431749921080025,-0.0012127748643508975,0.5661664009936512,1980,False
INM-CM5-0,historical,tas,False,286.47920305656663,286.3812011872879,0.6762498489534008,5-95%,0.9303030303030303,0.1846284917732671,-0.09800186927872406,0.9839742989864964,1980,False
INM-CM5-0,historical,tasmax,False,288.5478362112334,288.3960787378176,0.6851006556038898,5-95%,0.8757575757575757,0.21793113788909443,-0.15175747341579726,0.9785102373182734,1980,False
INM-CM5-0,historical,tasmin,False,284.52823182693635,284.4211326367927,0.733938305787365,5-95%,0.9383838383838384,0.1903508632111261,-0.10709919014362201,0.9817967529165619,1980,False
INM-CM5-0,historical,ts,False,287.33469133473403,287.36918146923335,0.6428822835286456,5-95%,0.951010101010101,0.16301365640853505,0.03449013449929124,0.9871640150346156,1980,False
INM-CM5-0,ssp126,hurs,False,76.16763638341149,76.16997534729714,0.7778910481652548,5-95%,0.9118217054263565,0.22040083707486913,0.002338963885639989,0.950861816625872,1032,False
INM-CM5-0,ssp126,huss,False,0.009947800581061862,0.009921705579500624,0.0005126408627978696,5-95%,0.9738372093023255,0.00011523311980992855,-2.609500156123579e-05,0.9242519273269404,1032,False
INM-CM5-0,ssp126,pr,False,3.567332561745339e-05,3.5263204481875725e-05,2.868131616210579e-06,5-95%,0.9932170542635659,6.212488810730727e-07,-4.1012113557766605e-07,0.3157531505472304,1032,False
INM-CM5-0,ssp126,psl,False,101055.81660307656,101058.46545694041,43.76078760901163,5-95%,0.999031007751938,6.244356208887936,2.6488538638565893,0.9402915579046471,1032,False
INM-CM5-0,ssp126,rsds,False,199.2423608321552,199.27230437226999,2.8988744011221006,5-95%,0.9903100775193798,0.5862189965444435,0.02994354011476673,0.9905110860503153,1032,False
INM-CM5-0,ssp126,sfcWind,False,5.880526507085608,5.872875330522079,0.23466117252675137,5-95%,0.9312015503875969,0.06498755065266608,-0.007651176563529072,0.6084946850984939,1032,False
INM-CM5-0,ssp126,tas,False,287.781813747199,287.7120044915251,0.7744417412336485,5-95%,0.9515503875968992,0.1890550660816174,-0.069809255673903,0.9815965188519422,1032,False
INM-CM5-0,ssp126,tasmax,False,289.79456979914227,289.73832134867826,0.7754708814990608,5-95%,0.9534883720930233,0.1879210850066268,-0.05624845046405496,0.9827880414758465,1032,False
INM-CM5-0,ssp126,tasmin,False,285.8900777831558,285.7673525847206,0.8176625273948501,5-95%,0.9127906976744186,0.21375890630192027,-0.12272519843522788,0.9743384255467302,1032,False
INM-CM5-0,ssp126,ts,False,288.6244985299517,288.6571561236714,0.740904283153919,5-95%,0.9748062015503876,0.17726525355523318,0.03265759371972004,0.9833758264247058,1032,False
INM-CM5-0,ssp370,hurs,False,76.36457441758739,76.28824535636015,0.8204548784004625,5-95%,0.8817829457364341,0.2657124452628562,-0.07632906122725139,0.9312431651047252,1032,False
INM-CM5-0,ssp370,huss,False,0.010380495670829064,0.010291455153830648,0.0005401352387961277,5-95%,0.8691860465116279,0.00017584600433997633,-8.904051699841524e-05,0.911197432324493,1032,False
INM-CM5-0,ssp370,pr,False,3.600837237186628e-05,3.516224607890819e-05,3.1819364027282163e-06,5-95%,0.935077519379845,1.0216197077438992e-06,-8.461262929580868e-07,-0.4611219806404414,1032,False
INM-CM5-0,ssp370,psl,False,101047.79013747578,101051.57142532704,47.619299600290695,5-95%,1.0,7.800376665077482,3.78128785125969,0.9135077365664148,1032,False
INM-CM5-0,ssp370,rsds,False,197.85926190457602,197.53136605255364,3.065395946650543,5-95%,0.9534883720930233,0.7588463586728528,-0.3278958520223892,0.9834192440222483,1032,False
INM-CM5-0,ssp370,sfcWind,False,5.8566924911136775,5.850887171981871,0.24161691074223482,5-95%,0.9215116279069767,0.06481388494487761,-0.005805319131806825,0.628012598231568,1032,False
INM-CM5-0,ssp370,tas,False,288.53322979830955,288.2579209083735,0.8107775902563279,5-95%,0.7083333333333334,0.32243106198015464,-0.2753088899361055,0.9562879290196844,1032,False
INM-CM5-0,ssp370,tasmax,False,290.50999530526093,290.26402610956234,0.7925475955933556,5-95%,0.7277131782945736,0.3064028368628039,-0.24596919569858258,0.961885145834256,1032,False
INM-CM5-0,ssp370,tasmin,False,286.6772284396859,286.3232829958894,0.8573735850725983,5-95%,0.6201550387596899,0.3859915264669932,-0.3539454437965558,0.9336845235308054,1032,False
INM-CM5-0,ssp370,ts,False,289.35790019072306,289.2135703803957,0.7840033834294768,5-95%,0.8817829457364341,0.2214878289704328,-0.14432981032733685,0.978756739972749,1032,False
INM-CM5-0,ssp585,hurs,True,76.38776031021,76.28027191457822,0.8458004441372183,5-95%,0.8546511627906976,0.297067824749809,-0.10748839563177537,0.9158051153819462,1032,False
INM-CM5-0,ssp585,huss,True,0.010510166403981844,0.010592060681620146,0.0005765369770210963,5-95%,0.7073643410852714,0.000302450492041857,8.189427763830087e-05,0.7904979506061246,1032,False
INM-CM5-0,ssp585,pr,True,3.6235050879616934e-05,3.550114013339134e-05,3.351047022685331e-06,5-95%,0.9583333333333334,9.498181936357908e-07,-7.339107462255983e-07,-0.14222273535989216,1032,False
INM-CM5-0,ssp585,psl,True,101044.76560228925,101052.13981498305,48.49963662790697,5-95%,0.9912790697674418,10.388157300034502,7.37421269379845,0.8541142540499553,1032,False
INM-CM5-0,ssp585,rsds,True,198.38316357043362,197.79377894438514,3.1175351105919193,5-95%,0.9001937984496124,0.9086036933758359,-0.5893846260484781,0.9755996987421545,1032,False
INM-CM5-0,ssp585,sfcWind,True,5.858651341855988,5.838103205196617,0.24613126996875734,5-95%,0.9156976744186046,0.0697415080613105,-0.02054813665937083,0.5881965208687322,1032,False
INM-CM5-0,ssp585,tas,True,288.7567574552787,288.742484277533,0.8634104765662844,5-95%,0.7025193798449613,0.3811422569230145,-0.014273177745728616,0.9443868012450699,1032,False
INM-CM5-0,ssp585,tasmax,True,290.73011019802834,290.7436928859977,0.8343251250510995,5-95%,0.6831395348837209,0.3847138801317148,0.013582687969356556,0.945045673457489,1032,False
INM-CM5-0,ssp585,tasmin,True,286.90132268269855,286.7843228717183,0.9095955190732499,5-95%,0.7558139534883721,0.3453780473103611,-0.11699981098027071,0.9519413729959885,1032,False
INM-CM5-0,ssp585,ts,True,289.5814866945725,289.68579962087233,0.842765808105468,5-95%,0.7393410852713178,0.3928031940833167,0.10431292629981369,0.9392418289288594,1032,False
IPSL-CM6A-LR,abrupt-2xCO2,hurs,False,77.842471631368,78.13612233479817,0.7727588950263129,5-95%,0.5983333333333334,0.3890070000897948,0.2936507034301758,0.9090035438207604,1800,False
IPSL-CM6A-LR,abrupt-2xCO2,huss,False,0.010730548479283801,0.010646871398720427,0.0006067607567335162,5-95%,0.77,0.00026516762427421334,-8.367708056337374e-05,0.7337437777667387,1800,False
IPSL-CM6A-LR,abrupt-2xCO2,pr,False,3.5823312132884486e-05,3.562651662731595e-05,3.0153882511917295e-06,5-95%,0.9916666666666667,5.465869766156554e-07,-1.9679550556854041e-07,-0.04682786248280246,1800,False
IPSL-CM6A-LR,abrupt-2xCO2,psl,False,101162.1780859375,101171.19153645834,43.08115885416667,5-95%,0.9716666666666667,10.948427906724485,9.013450520833333,0.7202301770517268,1800,False
IPSL-CM6A-LR,abrupt-2xCO2,rsds,False,188.43832595825197,189.24650531344943,3.0876859792073557,5-95%,0.8033333333333333,1.1996796483599121,0.8081793551974844,0.9129845587820122,1800,False
IPSL-CM6A-LR,abrupt-2xCO2,sfcWind,False,5.799963210158878,5.85345379696952,0.23964377138349746,5-95%,0.81,0.0888465303364678,0.05349058681064182,-0.10554059934633453,1800,False
IPSL-CM6A-LR,abrupt-2xCO2,tas,False,288.62344852023654,288.352928314209,0.9677325778537327,5-95%,0.5977777777777777,0.5177901759519439,-0.2705202060275593,0.87370845575466,1800,False
IPSL-CM6A-LR,abrupt-2xCO2,tasmax,False,290.29924631754557,290.03743136935765,0.9280573696560335,5-95%,0.5883333333333334,0.49430286732138623,-0.2618149481879332,0.8790275411854762,1800,False
IPSL-CM6A-LR,abrupt-2xCO2,tasmin,False,286.92751827663847,286.6996722751194,1.0364980061848952,5-95%,0.6572222222222223,0.5149843745729469,-0.22784600151909531,0.8801251901106854,1800,False
IPSL-CM6A-LR,abrupt-2xCO2,ts,False,289.74629321628146,289.46651947021485,0.9284121873643674,5-95%,0.5627777777777778,0.5182059031919739,-0.279773746066622,0.8845828412636825,1800,False
IPSL-CM6A-LR,abrupt-4xCO2,hurs,True,77.57791239420573,77.88955993652344,0.9030192057291667,5-95%,0.5,0.4997391448854326,0.31164754231770836,0.8840648960928821,60,False
IPSL-CM6A-LR,abrupt-4xCO2,huss,True,0.010585632113118923,0.012224606114129176,0.000815051219736535,5-95%,0.016666666666666666,0.0017281017559881197,0.0016389740010102516,-6.108564992596989,60,True
IPSL-CM6A-LR,abrupt-4xCO2,pr,True,3.43739817859993e-05,3.779867305032288e-05,3.93750730533308e-06,5-95%,0.1,3.733529809699791e-06,3.42469126432358e-06,-32.244241342067085,60,True
IPSL-CM6A-LR,abrupt-4xCO2,psl,True,101161.65013020833,101176.704296875,49.401302083333334,5-95%,0.7833333333333333,18.98896120872488,15.054166666666667,0.2454053728170349,60,False
IPSL-CM6A-LR,abrupt-4xCO2,rsds,True,188.4284703572591,187.89127502441406,3.481923166910806,5-95%,0.9,1.182805149462024,-0.5371953328450497,0.9226223902758486,60,False
IPSL-CM6A-LR,abrupt-4xCO2,sfcWind,True,5.826397347450256,5.8413557529449465,0.2585429271062215,5-95%,0.95,0.06459309043705365,0.014958405494689986,0.06688624020564604,60,False
IPSL-CM6A-LR,abrupt-4xCO2,tas,True,288.36697540283205,290.8948267618815,1.2598861694335957,5-95%,0.0,2.7105817778247787,2.527851359049482,-1.457888263072769,60,True
IPSL-CM6A-LR,abrupt-4xCO2,tasmax,True,290.0714955647787,292.4288955688477,1.1476318359374982,5-95%,0.0,2.533739717909027,2.3574000040690115,-1.2341632239020006,60,True
IPSL-CM6A-LR,abrupt-4xCO2,tasmin,True,286.651860555013,289.3281616210937,1.3151916503906287,5-95%,0.0,2.8670211482848935,2.676301066080732,-1.6662958584251721,60,True
IPSL-CM6A-LR,abrupt-4xCO2,ts,True,289.47131195068357,292.00328216552737,1.2498168945312462,5-95%,0.0,2.7076985258002684,2.531970214843752,-1.2785372782123283,60,True
IPSL-CM6A-LR,hist-GHG,hurs,False,78.2357127280728,78.25068006831535,0.7971711037916515,5-95%,0.9327485380116959,0.2150103760133676,0.014967340242560611,0.9672477994812598,2052,False
IPSL-CM6A-LR,hist-GHG,huss,False,0.009556986152359597,0.00967006307716166,0.0004897640467045906,5-95%,0.8362573099415205,0.0001687116146128055,0.00011307692480206331,0.8631452373595272,2052,False
IPSL-CM6A-LR,hist-GHG,pr,False,3.48313840246089e-05,3.488906175504903e-05,2.5938801322551943e-06,5-95%,0.9990253411306043,3.7888248776033996e-07,5.767773044012857e-08,0.37378103086074677,2052,False
IPSL-CM6A-LR,hist-GHG,psl,False,101180.81583896808,101177.72086302997,42.044247989766085,5-95%,0.9995126705653021,6.644877518210996,-3.0949759381091617,0.9122997351419809,2052,False
IPSL-CM6A-LR,hist-GHG,rsds,False,190.57287668298792,190.86594409459283,2.8681749488875172,5-95%,0.9147173489278753,0.8280453675007443,0.29306741160491473,0.9633035653649745,2052,False
IPSL-CM6A-LR,hist-GHG,sfcWind,False,5.860343400730259,5.859431343236629,0.23034210860380652,5-95%,0.9171539961013645,0.06560119472073779,-0.0009120574936299588,0.3784119149045907,2052,False
IPSL-CM6A-LR,hist-GHG,tas,False,286.4105281867014,286.56216149581104,0.8077885737428421,5-95%,0.8508771929824561,0.2811870072541631,0.1516333091096354,0.966862315685582,2052,False
IPSL-CM6A-LR,hist-GHG,tasmax,False,288.1771794071904,288.33810045565775,0.7913845872786072,5-95%,0.847953216374269,0.27931281870330904,0.1609210484673878,0.9641527981059036,2052,False
IPSL-CM6A-LR,hist-GHG,tasmin,False,284.600993924206,284.77031478733113,0.8806976258870921,5-95%,0.8625730994152047,0.31201347678777924,0.1693208631251538,0.9622487062297546,2052,False
IPSL-CM6A-LR,hist-GHG,ts,False,287.57980769047725,287.66953250818085,0.7629663121630568,5-95%,0.8693957115009746,0.26566830008501396,0.08972481770357553,0.9730218232150379,2052,False
IPSL-CM6A-LR,hist-aer,hurs,False,78.29027835481581,78.26356452808045,0.8206621322483115,5-95%,0.9346978557504874,0.21378868591973627,-0.02671382673534966,0.9671137404725818,2052,False
IPSL-CM6A-LR,hist-aer,huss,False,0.009192736211212823,0.009165845370214188,0.0004384556193391253,5-95%,0.9269005847953217,0.00012174284361262109,-2.689084099863473e-05,0.8904821170445394,2052,False
IPSL-CM6A-LR,hist-aer,pr,False,3.4364779135661626e-05,3.452879260031751e-05,2.454853330779236e-06,5-95%,0.9995126705653021,3.914574497309862e-07,1.64013464655886e-07,0.13605447796096803,2052,False
IPSL-CM6A-LR,hist-aer,psl,False,101186.96238425926,101185.77242857579,43.1937591374269,5-95%,0.9995126705653021,6.050648424529396,-1.1899556834795322,0.9282544946474983,2052,False
IPSL-CM6A-LR,hist-aer,rsds,False,190.62154090985453,190.60258941204228,2.8724782099733113,5-95%,0.9195906432748538,0.814835255114541,-0.018951497812251517,0.9683823814691888,2052,False
IPSL-CM6A-LR,hist-aer,sfcWind,False,5.870736361479434,5.866415940297742,0.2269290290613156,5-95%,0.9147173489278753,0.06521034286551124,-0.00432042118169177,0.4156518367162775,2052,False
IPSL-CM6A-LR,hist-aer,tas,False,285.7168693170678,285.58563338013886,0.7461727506700782,5-95%,0.830896686159844,0.27222287702918996,-0.13123593692890959,0.9676572264593701,2052,False
IPSL-CM6A-LR,hist-aer,tasmax,False,287.5143142908405,287.4129355506823,0.7331646776106387,5-95%,0.8620857699805068,0.24788064533267648,-0.10137874015822866,0.9702133007299885,2052,False
IPSL-CM6A-LR,hist-aer,tasmin,False,283.8696293226692,283.72810683519987,0.8244185271086513,5-95%,0.8396686159844055,0.28577502620904194,-0.14152248746935,0.9672282139626037,2052,False
IPSL-CM6A-LR,hist-aer,ts,False,286.90061015227616,286.70827219407226,0.705528214661001,5-95%,0.7417153996101364,0.3085864415003847,-0.19233795820388483,0.9625486381161386,2052,False
IPSL-CM6A-LR,hist-nat,hurs,False,78.27116533840841,78.24583981608787,0.8133342995745861,5-95%,0.9385964912280702,0.2174400066499237,-0.025325522320544743,0.9656510488221762,2052,False
IPSL-CM6A-LR,hist-nat,huss,False,0.009307994761415228,0.009351089392057036,0.0004499777343639751,5-95%,0.9517543859649122,0.00010515583296043265,4.309463064180838e-05,0.9211714637125427,2052,False
IPSL-CM6A-LR,hist-nat,pr,False,3.4597226697665056e-05,3.4651406217181736e-05,2.513212925176042e-06,5-95%,0.9990253411306043,3.66021820709987e-07,5.417951951667999e-08,0.2331377398455583,2052,False
IPSL-CM6A-LR,hist-nat,psl,False,101184.72430860136,101181.23006137305,42.424269767300196,5-95%,0.9980506822612085,6.822794511341058,-3.49424722831384,0.9076551301378766,2052,False
IPSL-CM6A-LR,hist-nat,rsds,False,191.0262276498895,191.26001198900605,2.7671034889146826,5-95%,0.9122807017543859,0.8258255938070469,0.23378433911656413,0.9641814716174246,2052,False
IPSL-CM6A-LR,hist-nat,sfcWind,False,5.872150516184682,5.859282224266617,0.22808214354003847,5-95%,0.9103313840155945,0.06718039969013026,-0.012868291918064871,0.37034169491571556,2052,False
IPSL-CM6A-LR,hist-nat,tas,False,285.9542534960176,285.9571499740868,0.7464437800773628,5-95%,0.9712475633528265,0.17132412321603596,0.0028964780692247592,0.9869056179721183,2052,False
IPSL-CM6A-LR,hist-nat,tasmax,False,287.7418888382047,287.75737374288997,0.7343842355828538,5-95%,0.9702729044834308,0.16785181242175862,0.015484904685216502,0.9861107234910574,2052,False
IPSL-CM6A-LR,hist-nat,tasmin,False,284.11849046078805,284.11406973974516,0.8208981192367582,5-95%,0.9790448343079922,0.17463381711206805,-0.004420721042922204,0.9874444332365465,2052,False
IPSL-CM6A-LR,hist-nat,ts,False,287.1371114035564,287.06907896224055,0.7016017832021727,5-95%,0.9385964912280702,0.19277042438834868,-0.06803244131582632,0.9850689847401414,2052,False
IPSL-CM6A-LR,historical,hurs,False,78.23927288633405,78.2906375653816,0.8071717926950166,5-95%,0.9222222222222223,0.22671819694352024,0.051364679047555636,0.962591141098756,1980,False
IPSL-CM6A-LR,historical,huss,False,0.00948949550146778,0.00948418044776773,0.0004707629872354293,5-95%,0.9641414141414142,0.00010751002817008808,-5.3150537000482854e-06,0.9345028520731572,1980,False
IPSL-CM6A-LR,historical,pr,False,3.4684824014321846e-05,3.4556004136516785e-05,2.522303815328427e-06,5-95%,0.9964646464646465,4.065926172747818e-07,-1.2881987780506603e-07,0.06212173184226755,1980,False
IPSL-CM6A-LR,historical,psl,False,101181.97368213384,101179.71259864268,42.862421085858585,5-95%,0.998989898989899,6.318092074220149,-2.261083491161616,0.9197362757864366,1980,False
IPSL-CM6A-LR,historical,rsds,False,190.24183724913934,189.97491094415838,2.997956724841185,5-95%,0.8878787878787879,0.9385385400971026,-0.2669263049809612,0.9590536690891192,1980,False
IPSL-CM6A-LR,historical,sfcWind,False,5.87242060670949,5.860396025879215,0.22877565538040315,5-95%,0.9227272727272727,0.06510336770867571,-0.012024580830275399,0.41614550049632415,1980,False
IPSL-CM6A-LR,historical,tas,False,286.29898197674993,286.2072243892785,0.7866333624329228,5-95%,0.9232323232323232,0.2185100485305029,-0.0917575874713919,0.9787569048985666,1980,False
IPSL-CM6A-LR,historical,tasmax,False,288.0677515511561,287.9988812687421,0.770886939462989,5-95%,0.9444444444444444,0.1994501882143575,-0.06887028241398235,0.9805181655109247,1980,False
IPSL-CM6A-LR,historical,tasmin,False,284.4863576715643,284.4127638999862,0.8628288346107555,5-95%,0.9570707070707071,0.20779965667197867,-0.07359377157808433,0.9822389374582712,1980,False
IPSL-CM6A-LR,historical,ts,False,287.4743873519127,287.32754661482994,0.7408770320391417,5-95%,0.8616161616161616,0.24569751585069308,-0.14684073708274034,0.9756323603692478,1980,False
IPSL-CM6A-LR,ssp119,hurs,False,78.05249052269514,78.24361932739731,0.7725361964499303,5-95%,0.7722868217054264,0.29942873703421413,0.19112880470216737,0.9388833353351201,1032,False
IPSL-CM6A-LR,ssp119,huss,False,0.01034035294609096,0.010423118753048233,0.0005714446649157499,5-95%,0.9341085271317829,0.000153487176857516,8.276580695727152e-05,0.8911946463117434,1032,False
IPSL-CM6A-LR,ssp119,pr,False,3.551610731050487e-05,3.547112456974781e-05,2.859519078578329e-06,5-95%,0.999031007751938,4.1717668166655067e-07,-4.498274075706639e-08,0.10418352773552031,1032,False
IPSL-CM6A-LR,ssp119,psl,False,101168.58718659157,101171.90892986918,42.63468235222868,5-95%,1.0,6.797426957722693,3.321743277616279,0.8962770150488423,1032,False
IPSL-CM6A-LR,ssp119,rsds,False,188.827895364096,189.0565330594085,3.147488527519759,5-95%,0.9098837209302325,0.9457082680484622,0.2286376953125025,0.9525273840849183,1032,False
IPSL-CM6A-LR,ssp119,sfcWind,False,5.847782517588416,5.857885260452596,0.23822146977565084,5-95%,0.8924418604651163,0.07343293183864748,0.010102742864179998,0.36133600104309993,1032,False
IPSL-CM6A-LR,ssp119,tas,False,287.8799538723258,287.94444274902344,0.9169989888982256,5-95%,0.9689922480620154,0.2046968949407769,0.06448887669763109,0.9800448004980571,1032,False
IPSL-CM6A-LR,ssp119,tasmax,False,289.57993928776233,289.6541786785274,0.8818577611169143,5-95%,0.9718992248062015,0.19609580189485384,0.07423939076505143,0.9803963963603646,1032,False
IPSL-CM6A-LR,ssp119,tasmin,False,286.1524536960809,286.2768982288449,0.9833080380461942,5-95%,0.9612403100775194,0.23941051899995497,0.12444453276405198,0.9741907412614023,1032,False
IPSL-CM6A-LR,ssp119,ts,False,289.0256636272105,289.0501324261806,0.8772261272105126,5-95%,0.9622093023255814,0.19688842038086146,0.024468798970069098,0.9832689012204002,1032,False
IPSL-CM6A-LR,ssp126,hurs,False,78.00545398948728,78.22890788824984,0.7766331813132116,5-95%,0.7587209302325582,0.3147365302899522,0.2234538987625477,0.9343158938971909,1032,False
IPSL-CM6A-LR,ssp126,huss,False,0.0104660279281769,0.010543971171768609,0.0005859668157243911,5-95%,0.9447674418604651,0.00014570545660204175,7.794324359170763e-05,0.9135758768721203,1032,False
IPSL-CM6A-LR,ssp126,pr,False,3.559077674796662e-05,3.561225856512549e-05,2.9504099180739167e-06,5-95%,1.0,4.061295188937321e-07,2.148181715887231e-08,0.28046449526523476,1032,False
IPSL-CM6A-LR,ssp126,psl,False,101166.87890625,101172.34211482559,43.39288093507752,5-95%,0.997093023255814,7.798239217549692,5.463208575581396,0.8640420872707015,1032,False
IPSL-CM6A-LR,ssp126,rsds,False,188.50181294226832,188.7130158150843,3.171750770982846,5-95%,0.9127906976744186,0.9289382012766655,0.2112028728159836,0.9527295988872252,1032,False
IPSL-CM6A-LR,ssp126,sfcWind,False,5.841692891231803,5.859201084735782,0.23913145111512768,5-95%,0.8662790697674418,0.07694644092885326,0.01750819350397865,0.322470243036587,1032,False
IPSL-CM6A-LR,ssp126,tas,False,288.10809876197993,288.1548139882642,0.9397429532782974,5-95%,0.9767441860465116,0.1996710525181011,0.046715226284294344,0.9816285193800377,1032,False
IPSL-CM6A-LR,ssp126,tasmax,False,289.79764210900595,289.8571076208307,0.9016979128815414,5-95%,0.9757751937984496,0.19301051639636693,0.05946551182473601,0.981736646067332,1032,False
IPSL-CM6A-LR,ssp126,tasmin,False,286.3938882221547,286.5018434450608,1.0038176543952881,5-95%,0.9757751937984496,0.23225472199067304,0.10795522290606875,0.9763940921111962,1032,False
IPSL-CM6A-LR,ssp126,ts,False,289.24790857004564,289.2634909578072,0.8997255961100264,5-95%,0.9806201550387597,0.19416390749762302,0.015582387761553086,0.9841503153465233,1032,False
IPSL-CM6A-LR,ssp370,hurs,False,77.87338164425636,78.26531265317932,0.8230051070220711,5-95%,0.5445736434108527,0.4934597793452002,0.39193100892296134,0.8565232261494437,1032,False
IPSL-CM6A-LR,ssp370,huss,False,0.011089215055108022,0.011051102081140412,0.0006180482893070374,5-95%,0.9738372093023255,0.00014689664532538082,-3.8112973967611054e-05,0.972465733485511,1032,False
IPSL-CM6A-LR,ssp370,pr,False,3.584816370274111e-05,3.571120115064036e-05,3.3455137203728633e-06,5-95%,0.999031007751938,4.630820337864864e-07,-1.3696255210075036e-07,0.5507608053672546,1032,False
IPSL-CM6A-LR,ssp370,psl,False,101157.88163911094,101167.06955547481,47.466857437015506,5-95%,0.9534883720930233,12.337107005338096,9.187916363856589,0.6998993762949741,1032,False
IPSL-CM6A-LR,ssp370,rsds,False,186.87158339152964,186.42715353559154,3.3697746188141577,5-95%,0.9195736434108527,0.9072300242454772,-0.44442985593810475,0.9581608386295194,1032,False
IPSL-CM6A-LR,ssp370,sfcWind,False,5.829239261242771,5.845905336298684,0.24671590328216553,5-95%,0.877906976744186,0.07853005491166754,0.016666075055913433,0.3433069098757692,1032,False
IPSL-CM6A-LR,ssp370,tas,False,289.1196509664373,288.96496369117915,0.9810685150383057,5-95%,0.9622093023255814,0.2537844309153816,-0.154687275258144,0.9814688139425137,1032,False
IPSL-CM6A-LR,ssp370,tasmax,False,290.77303246195004,290.6196984579397,0.9244726314101097,5-95%,0.9457364341085271,0.24575847215316104,-0.15333400401033953,0.9817124944797274,1032,False
IPSL-CM6A-LR,ssp370,tasmin,False,287.45431252413016,287.3603691574215,1.03897845837497,5-95%,0.9699612403100775,0.23833030925075793,-0.09394336670868068,0.9844972101762243,1032,False
IPSL-CM6A-LR,ssp370,ts,False,290.2389698176421,290.0926523726116,0.9434559844260997,5-95%,0.9515503875968992,0.2406488972645348,-0.14631744503050648,0.9840777105461704,1032,False
IPSL-CM6A-LR,ssp434,hurs,False,78.00052150460176,78.26596006496932,0.7837182643801667,5-95%,0.6792635658914729,0.3576516676089353,0.26543856036755464,0.9159668830540897,1032,False
IPSL-CM6A-LR,ssp434,huss,False,0.010621693454567264,0.010552112286542167,0.0005768039083295999,5-95%,0.9660852713178295,0.00014760802251770097,-6.958116802509682e-05,0.9239475719068558,1032,False
IPSL-CM6A-LR,ssp434,pr,False,3.5643315348620105e-05,3.554172420172813e-05,2.9879904612370896e-06,5-95%,0.999031007751938,4.258070093730078e-07,-1.0159114689197098e-07,0.2973868173962728,1032,False
IPSL-CM6A-LR,ssp434,psl,False,101164.49697946948,101172.8087527253,44.27218083817829,5-95%,0.9941860465116279,10.091580186482277,8.311773255813954,0.7754459143167708,1032,False
IPSL-CM6A-LR,ssp434,rsds,False,187.98907695444979,188.04603907858677,3.2116204490957343,5-95%,0.9205426356589147,0.8938014090723512,0.05696212413699147,0.9581086328407696,1032,False
IPSL-CM6A-LR,ssp434,sfcWind,False,5.854782575784728,5.86011296695517,0.24073930997257084,5-95%,0.8953488372093024,0.07405208388821759,0.0053303911704425675,0.366965311568607,1032,False
IPSL-CM6A-LR,ssp434,tas,False,288.36333841131636,288.1552603669869,0.9254989919736415,5-95%,0.9147286821705426,0.27749269481662686,-0.2080780443295022,0.9655465031027783,1032,False
IPSL-CM6A-LR,ssp434,tasmax,False,290.0437522415043,289.86391759473224,0.886942634286807,5-95%,0.937015503875969,0.24819509222322567,-0.17983464677204303,0.970833729485306,1032,False
IPSL-CM6A-LR,ssp434,tasmin,False,286.6609220282976,286.5077289019444,0.9876787052598099,5-95%,0.9563953488372093,0.2469326421834822,-0.15319312635318078,0.9739737775728696,1032,False
IPSL-CM6A-LR,ssp434,ts,False,289.50411656106166,289.2685182852338,0.8872746016628061,5-95%,0.873062015503876,0.296355807522568,-0.23559827582780585,0.9640494929930905,1032,False
IPSL-CM6A-LR,ssp460,hurs,False,77.91671522273573,78.26203587258509,0.8035356536392093,5-95%,0.564922480620155,0.4364332575646714,0.345320649849352,0.8805183436642167,1032,False
IPSL-CM6A-LR,ssp460,huss,False,0.010928262365339348,0.010849861249457563,0.000606049138280138,5-95%,0.9496124031007752,0.00016414225736250342,-7.840111588178469e-05,0.949032939221267,1032,False
IPSL-CM6A-LR,ssp460,pr,False,3.581495853765329e-05,3.572159903694771e-05,3.197711676459799e-06,5-95%,0.999031007751938,4.5381897473533265e-07,-9.335950070558047e-08,0.4932637825796541,1032,False
IPSL-CM6A-LR,ssp460,psl,False,101160.33079729893,101170.62759659642,46.000726744186046,5-95%,0.9496124031007752,12.842064997283853,10.29679929748062,0.6483462952662384,1032,False
IPSL-CM6A-LR,ssp460,rsds,False,187.41134967360387,187.11709828339806,3.3024893472361017,5-95%,0.9234496124031008,0.9146476440380091,-0.2942513902057951,0.9568865717207433,1032,False
IPSL-CM6A-LR,ssp460,sfcWind,False,5.835863015910451,5.854378776032795,0.24429140118665474,5-95%,0.8827519379844961,0.0767317319248028,0.01851576012234355,0.3350671509424892,1032,False
IPSL-CM6A-LR,ssp460,tas,False,288.8593380950218,288.6452758256779,0.962382915408112,5-95%,0.9079457364341085,0.2991022159728582,-0.21406226934388412,0.9690505993805909,1032,False
IPSL-CM6A-LR,ssp460,tasmax,False,290.5229096523551,290.32445458109066,0.9121338304623156,5-95%,0.9127906976744186,0.28179078717257766,-0.19845507126445808,0.9710400647074177,1032,False
IPSL-CM6A-LR,ssp460,tasmin,False,287.17994181315106,287.026650805806,1.0239602909531702,5-95%,0.9321705426356589,0.27051886248304025,-0.15329100734503617,0.9759190627019827,1032,False
IPSL-CM6A-LR,ssp460,ts,False,289.9850049573322,289.76525296351707,0.9250172164088991,5-95%,0.8914728682170543,0.29499865210744547,-0.2197519938151028,0.9716822212308237,1032,False
IPSL-CM6A-LR,ssp585,hurs,True,77.74750205343084,78.17175417168195,0.8516376628432163,5-95%,0.5155038759689923,0.5494966396270805,0.4242521182511204,0.8350655516806752,1032,False
IPSL-CM6A-LR,ssp585,huss,True,0.01143236228448962,0.011451226906388836,0.0006570270115350786,5-95%,0.9583333333333334,0.00016527163816573175,1.886462189921469e-05,0.9795270715878067,1032,False
IPSL-CM6A-LR,ssp585,pr,True,3.6146381833447757e-05,3.628396214043623e-05,3.5270550847775485e-06,5-95%,0.998062015503876,5.386473110016053e-07,1.3758030698847656e-07,0.60714183735434,1032,False
IPSL-CM6A-LR,ssp585,psl,True,101153.21254996366,101168.17136022287,48.01370215600775,5-95%,0.7906976744186046,18.384553873065148,14.958810259205427,0.4209605785476902,1032,False
IPSL-CM6A-LR,ssp585,rsds,True,186.90031007278796,186.64773565484572,3.4313459174577576,5-95%,0.937984496124031,0.9021010584869164,-0.25257441794225116,0.9580154459016287,1032,False
IPSL-CM6A-LR,ssp585,sfcWind,True,5.819010863008425,5.841914085916771,0.252278816792392,5-95%,0.8866279069767442,0.07940835935395626,0.022903222908345316,0.34784313813430423,1032,False
IPSL-CM6A-LR,ssp585,tas,True,289.6715299916822,289.61173372490464,1.0357506626336153,5-95%,0.9777131782945736,0.2133671413054545,-0.05979626677756981,0.9905015474834836,1032,False
IPSL-CM6A-LR,ssp585,tasmax,True,291.3085958199908,291.2318166097005,0.9662981255109917,5-95%,0.9786821705426356,0.2125217370534805,-0.07677921029024093,0.9901306238842247,1032,False
IPSL-CM6A-LR,ssp585,tasmin,True,288.0267819249353,288.00941026672837,1.0930963856305265,5-95%,0.9786821705426356,0.22237048257301384,-0.017371658206909463,0.9902043023792173,1032,False
IPSL-CM6A-LR,ssp585,ts,True,290.7834742937901,290.740497855253,1.008651585541954,5-95%,0.9680232558139535,0.21368928755497568,-0.04297643853712358,0.9907136571562192,1032,False
MIROC-ES2L,abrupt-4xCO2,hurs,True,77.55597229427761,77.19946208530003,0.9586159642537435,5-95%,0.6844444444444444,0.4594272153508046,-0.35651020897759333,0.7471966748349314,1800,False
MIROC-ES2L,abrupt-4xCO2,huss,True,0.012537528306452717,0.01241377836196782,0.0007865580481787528,5-95%,0.75,0.0003614923664769548,-0.00012374994448489644,0.7027018145762379,1800,False
MIROC-ES2L,abrupt-4xCO2,pr,True,3.870217318156695e-05,3.973044437872078e-05,4.67427124426144e-06,5-95%,0.8561111111111112,1.3867751376793796e-06,1.0282711971538246e-06,-0.853768448149709,1800,False
MIROC-ES2L,abrupt-4xCO2,psl,True,100973.47647569445,100945.75611111111,56.1169140625,5-95%,0.5033333333333333,30.54481299097695,-27.720364583333332,-5.810374685361477,1800,False
MIROC-ES2L,abrupt-4xCO2,rsds,True,177.7332782491048,178.15229882134332,3.5834973907470693,5-95%,0.8944444444444445,1.1287606689003664,0.41902057223849865,0.9613798788174079,1800,False
MIROC-ES2L,abrupt-4xCO2,sfcWind,True,6.182053712738885,6.212831473615434,0.2707105628649394,5-95%,0.7694444444444445,0.11316403800701005,0.030777760876549622,0.5342306327059476,1800,True
MIROC-ES2L,abrupt-4xCO2,tas,True,291.9562058681912,291.9053735012478,1.1843611823187938,5-95%,0.885,0.4712573508415458,-0.05083236694335817,0.8989950427817621,1800,False
MIROC-ES2L,abrupt-4xCO2,tasmax,True,293.6427571275499,293.6849863688151,1.1312526279025603,5-95%,0.8672222222222222,0.4717152434021696,0.04222924126519274,0.9104030007193371,1800,False
MIROC-ES2L,abrupt-4xCO2,tasmin,True,290.4075077650282,290.33449306911893,1.2554832288954003,5-95%,0.8838888888888888,0.4790925924345509,-0.07301469590928658,0.8837540346966233,1800,False
MIROC-ES2L,abrupt-4xCO2,ts,True,292.5328825378418,292.4657162475586,1.1210745408799916,5-95%,0.8527777777777777,0.4724702016957842,-0.06716629028320208,0.8940466981446125,1800,False
MIROC-ES2L,historical,hurs,False,77.09734044701162,77.22687970941718,0.8324051211578677,5-95%,0.9242424242424242,0.23994601846851493,0.12953926240554964,0.952871993001934,1980,False
MIROC-ES2L,historical,huss,False,0.01017100644589519,0.010143856839229764,0.00046115416487810625,5-95%,0.902020202020202,0.0001380822274861654,-2.714960666542724e-05,0.9024149407755329,1980,False
MIROC-ES2L,historical,pr,False,3.683129034470767e-05,3.684230756665453e-05,3.0697027272474245e-06,5-95%,0.9944444444444445,5.280351000652689e-07,1.1017221946862018e-08,0.732750905574872,1980,False
MIROC-ES2L,historical,psl,False,100931.85713383838,100932.6729916351,48.651740056818184,5-95%,0.9939393939393939,8.590172523921591,0.8158577967171717,0.5109531563378349,1980,False
MIROC-ES2L,historical,rsds,False,180.1387370716442,180.10978422068587,2.865660226224649,5-95%,0.9343434343434344,0.7770249055751547,-0.028952850958312314,0.9844286042356516,1980,False
MIROC-ES2L,historical,sfcWind,False,6.329026237401095,6.318595238647076,0.23431983307154491,5-95%,0.8550505050505051,0.07970817909045418,-0.010430998754019679,0.48901213807081234,1980,False
MIROC-ES2L,historical,tas,False,288.33297989970504,288.25182220767243,0.7174741494535196,5-95%,0.9242424242424242,0.1932153721928511,-0.08115769203263014,0.9848838884900807,1980,False
MIROC-ES2L,historical,tasmax,False,290.0516200364238,290.00057340679746,0.7421318747780545,5-95%,0.9414141414141414,0.18818851365095846,-0.051046629626340476,0.9868040942822665,1980,False
MIROC-ES2L,historical,tasmin,False,286.72845841224745,286.6650508071437,0.8052084258108435,5-95%,0.9555555555555556,0.18139817106005526,-0.06340760510377089,0.9857529784465219,1980,False
MIROC-ES2L,historical,ts,False,288.9344771414092,288.8922237820095,0.656716348667337,5-95%,0.9181818181818182,0.1795486339906281,-0.04225335939965984,0.9863877866153824,1980,False
MIROC-ES2L,ssp119,hurs,False,77.19781593204469,77.28196762144104,0.8124950320221657,5-95%,0.9263565891472868,0.22785368698276212,0.08415168939634811,0.9528255205249113,1032,False
MIROC-ES2L,ssp119,huss,False,0.010839305272102017,0.010835470324887507,0.0005417692081555142,5-95%,0.8594961240310077,0.00018586745376960245,-3.834947214511411e-06,0.8559381518464617,1032,False
MIROC-ES2L,ssp119,pr,False,3.741841788907141e-05,3.76558692910611e-05,3.5574589286300954e-06,5-95%,0.9961240310077519,6.196449637356307e-07,2.3745140198969214e-07,0.6198196272236325,1032,False
MIROC-ES2L,ssp119,psl,False,100941.98922753149,100937.22513172239,49.206069828003876,5-95%,0.9893410852713178,9.65961373575753,-4.764095809108527,0.1223564777757995,1032,False
MIROC-ES2L,ssp119,rsds,False,179.513718878576,179.36684695694797,3.081695320070252,5-95%,0.9486434108527132,0.7571802410601344,-0.14687192162801985,0.9847318110202737,1032,False
MIROC-ES2L,ssp119,sfcWind,False,6.29772137348042,6.2904060538425,0.24309903383255005,5-95%,0.8614341085271318,0.08159638968513575,-0.007315319637919574,0.5738978818925098,1032,False
MIROC-ES2L,ssp119,tas,False,289.46688783630844,289.463044543599,0.8300800767055784,5-95%,0.9525193798449613,0.21314494045078114,-0.0038432927094669434,0.9804057459675606,1032,False
MIROC-ES2L,ssp119,tasmax,False,291.18004066999566,291.2365005552307,0.8378143606259848,5-95%,0.9312015503875969,0.23038311409311205,0.0564598852349815,0.9793067550580931,1032,False
MIROC-ES2L,ssp119,tasmin,False,287.87837787007174,287.91720785096635,0.9089401304259775,5-95%,0.9874031007751938,0.21041090652478123,0.03882998089457695,0.9791905064240207,1032,False
MIROC-ES2L,ssp119,ts,False,290.0594017856805,290.0738140372343,0.7646155542181434,5-95%,0.9341085271317829,0.2107345619522833,0.014412251553794926,0.9799433547343164,1032,False
MIROC-ES2L,ssp126,hurs,False,77.27355010749758,77.28442889960237,0.8183246804762256,5-95%,0.936046511627907,0.2163804810935074,0.010878792104794997,0.9561407013869004,1032,False
MIROC-ES2L,ssp126,huss,False,0.01097386581335905,0.010921684655093706,0.0005536127019702466,5-95%,0.8294573643410853,0.00019981855384060252,-5.21811582653443e-05,0.844335501595222,1032,False
MIROC-ES2L,ssp126,pr,False,3.7518322462643104e-05,3.7800899177497296e-05,3.6362115319799307e-06,5-95%,0.998062015503876,6.371927452003996e-07,2.825767148541948e-07,0.6099357753113905,1032,False
MIROC-ES2L,ssp126,psl,False,100944.35376544332,100938.89040546269,49.862463662790695,5-95%,0.9893410852713178,10.054515900276332,-5.463359980620155,0.03754066138638301,1032,False
MIROC-ES2L,ssp126,rsds,False,179.1830825509951,179.0834182473116,3.107183485992195,5-95%,0.9641472868217055,0.7485592181165768,-0.09966430368349459,0.984927557459309,1032,False
MIROC-ES2L,ssp126,sfcWind,False,6.290067417215007,6.288408519223679,0.24456166112145714,5-95%,0.8653100775193798,0.08432735192407065,-0.0016588979913282815,0.5372267263096608,1032,False
MIROC-ES2L,ssp126,tas,False,289.6579396743183,289.6032074625178,0.8461420221846235,5-95%,0.9408914728682171,0.2247237361070775,-0.05473221180050762,0.9780858423606377,1032,False
MIROC-ES2L,ssp126,tasmax,False,291.3651244289191,291.3805753722671,0.8508626952651868,5-95%,0.9515503875968992,0.22626757797111802,0.015450943348020614,0.9799321587597957,1032,False
MIROC-ES2L,ssp126,tasmin,False,288.07664519317393,288.06228001912433,0.9243275842001267,5-95%,0.9728682170542635,0.2125018353798368,-0.014365174049553713,0.9786494452070427,1032,False
MIROC-ES2L,ssp126,ts,False,290.2483789015186,290.2143125903699,0.7821153152820675,5-95%,0.9292635658914729,0.2186613389107228,-0.03406631114870882,0.9782859397340529,1032,False
MIROC-ES2L,ssp370,hurs,False,77.44937742957774,77.39091145715048,0.8693053666935411,5-95%,0.9137596899224806,0.2506235776357937,-0.05846597242724988,0.936790217511094,1032,False
MIROC-ES2L,ssp370,huss,False,0.011419221886087074,0.011333593796368264,0.0005921878312288446,5-95%,0.814922480620155,0.0002224679275076316,-8.562808971880929e-05,0.9102135999188921,1032,False
MIROC-ES2L,ssp370,pr,False,3.745143786270705e-05,3.799178014651966e-05,4.035949107554386e-06,5-95%,0.9699612403100775,9.15099082943162e-07,5.403422838126132e-07,0.20140569887442195,1032,False
MIROC-ES2L,ssp370,psl,False,100952.97538911094,100935.2379330184,54.790099624515506,5-95%,0.7800387596899225,21.594167240374052,-17.73745609253876,-1.3574008801876833,1032,False
MIROC-ES2L,ssp370,rsds,False,177.25105295994484,177.23803163868513,3.3339537243510393,5-95%,0.9767441860465116,0.7571919991983823,-0.013021321259727388,0.984133732283597,1032,False
MIROC-ES2L,ssp370,sfcWind,False,6.262843183768812,6.268968043863311,0.2523198927095694,5-95%,0.8217054263565892,0.09209156590285496,0.0061248600944992385,0.5421463585682871,1032,False
MIROC-ES2L,ssp370,tas,False,290.27891457727713,290.19466388317966,0.9077676580857863,5-95%,0.9321705426356589,0.23643468011658827,-0.08425069409747424,0.9801779471911053,1032,False
MIROC-ES2L,ssp370,tasmax,False,291.97942219224086,291.9694392182106,0.8950145928434614,5-95%,0.9486434108527132,0.2322956300546597,-0.009982974030249184,0.9824216031273147,1032,False
MIROC-ES2L,ssp370,tasmin,False,288.71230641446374,288.6698593908502,0.9930279458215995,5-95%,0.9738372093023255,0.21705692818923186,-0.04244702361350736,0.982150865782114,1032,False
MIROC-ES2L,ssp370,ts,False,290.8608198239822,290.80287336009417,0.8422432537226705,5-95%,0.9137596899224806,0.2284634267127509,-0.05794646388800476,0.9807716786929856,1032,False
MIROC-ES2L,ssp585,hurs,True,77.41837317444558,77.36943971648697,0.9014624366464541,5-95%,0.9244186046511628,0.25511675026697633,-0.04893345795860586,0.9343123637725674,1032,False
MIROC-ES2L,ssp585,huss,True,0.011671600150406428,0.01166657245151203,0.0006353695986994578,5-95%,0.7936046511627907,0.00024418711348570964,-5.027698894398965e-06,0.9229158891207033,1032,False
MIROC-ES2L,ssp585,pr,True,3.774039414354267e-05,3.862204636767951e-05,4.22088989524113e-06,5-95%,0.8866279069767442,1.261560677163209e-06,8.816522241368358e-07,-0.3803939668495997,1032,False
MIROC-ES2L,ssp585,psl,True,100957.54119731105,100938.94327610223,55.30487675629845,5-95%,0.7635658914728682,24.187796046143117,-18.59792120881783,-1.2274462874159706,1032,False
MIROC-ES2L,ssp585,rsds,True,177.73902474632558,177.42139446642972,3.451027360073356,5-95%,0.939922480620155,0.8573393835358367,-0.3176302798958701,0.9799090772966096,1032,False
MIROC-ES2L,ssp585,sfcWind,True,6.2561444529267245,6.252106625904409,0.2573168656622717,5-95%,0.8265503875968992,0.09222023580186843,-0.004037827022315904,0.550512508052712,1032,False
MIROC-ES2L,ssp585,tas,True,290.67759435491047,290.6991175274516,0.9687633070834851,5-95%,0.8798449612403101,0.3128736894786495,0.021523172541183546,0.9699461045342614,1032,False
MIROC-ES2L,ssp585,tasmax,True,292.37982686360675,292.482944251955,0.9458053648009791,5-95%,0.8468992248062015,0.34376268959176565,0.10311738834824793,0.9663558680186332,1032,False
MIROC-ES2L,ssp585,tasmin,True,289.111177991527,289.1501348924267,1.0486176365105693,5-95%,0.939922480620155,0.27913625331431935,0.038956900899724936,0.9747016585728746,1032,False
MIROC-ES2L,ssp585,ts,True,291.25993604438247,291.29276399834214,0.905101657837861,5-95%,0.8672480620155039,0.30158145550298093,0.032827953959621764,0.9710818844453962,1032,False
MIROC6,abrupt-2xCO2,hurs,False,76.35584932200113,76.30070612080893,0.7970866292317709,5-95%,0.9153333333333333,0.2304253587998248,-0.055143201192220055,0.9481704629916207,3000,False
MIROC6,abrupt-2xCO2,huss,False,0.011036137164570343,0.010931132663351746,0.0005519482288509602,5-95%,0.8163333333333334,0.00021871531409874313,-0.00010500450121859561,0.8419355840053745,3000,False
MIROC6,abrupt-2xCO2,pr,False,3.7535781022597804e-05,3.7492819735537824e-05,3.8189335185355355e-06,5-95%,1.0,5.354669168725217e-07,-4.2961287059976496e-08,0.6683197963352956,3000,False
MIROC6,abrupt-2xCO2,psl,False,100862.1429140625,100858.87773697916,50.16576302083333,5-95%,0.9976666666666667,7.5759536730361265,-3.265177083333333,0.5636628117395075,3000,False
MIROC6,abrupt-2xCO2,rsds,False,181.02798714192707,181.01650593566893,3.037449152628581,5-95%,0.896,0.9458682013124644,-0.011481206258137613,0.968153590205691,3000,False
MIROC6,abrupt-2xCO2,sfcWind,False,5.821554388840993,5.819319013436635,0.2460848019917806,5-95%,0.8863333333333333,0.07684553731696553,-0.0022353754043578917,0.4608368412647422,3000,False
MIROC6,abrupt-2xCO2,tas,False,290.06935557047524,289.94735279337567,0.8517208251953128,5-95%,0.852,0.3018018744319202,-0.12200277709960781,0.9652584331530817,3000,False
MIROC6,abrupt-2xCO2,tasmax,False,292.27146709187826,292.1436572672526,0.8491420593261716,5-95%,0.834,0.3081733814750656,-0.12780982462564988,0.969617665574315,3000,False
MIROC6,abrupt-2xCO2,tasmin,False,288.25735407511394,288.061956644694,0.9204089457194014,5-95%,0.8116666666666666,0.34000190396488233,-0.19539743041992044,0.950348471622256,3000,False
MIROC6,abrupt-2xCO2,ts,False,290.6415495300293,290.4412029825846,0.7959832560221345,5-95%,0.745,0.34140731448955713,-0.20034654744465988,0.9555066709934783,3000,False
MIROC6,abrupt-4xCO2,hurs,True,76.36034219360351,76.21027429453532,0.9319290313720703,5-95%,0.886,0.29795158406888755,-0.15006789906819662,0.9005962866813679,3000,False
MIROC6,abrupt-4xCO2,huss,True,0.012435430994257283,0.012254557892059236,0.0007583720410863561,5-95%,0.7153333333333334,0.0003563645334839326,-0.00018087310219804445,0.727097030171287,3000,False
MIROC6,abrupt-4xCO2,pr,True,3.8536826180158336e-05,3.939719877841223e-05,4.764891928061843e-06,5-95%,0.956,1.107323993796129e-06,8.60372598253889e-07,-0.3831571302253316,3000,False
MIROC6,abrupt-4xCO2,psl,True,100888.6809375,100873.86973177083,54.93134895833333,5-95%,0.8056666666666666,20.006349149373083,-14.811205729166666,-1.9593095480186706,3000,False
MIROC6,abrupt-4xCO2,rsds,True,179.42346062215168,179.73350840250652,3.55713811747233,5-95%,0.8873333333333333,1.1436192778883798,0.31004778035481906,0.9459067345782001,3000,False
MIROC6,abrupt-4xCO2,sfcWind,True,5.7806354091962175,5.762291501045227,0.2703673394521077,5-95%,0.893,0.0827362043001139,-0.018343908150990802,0.4486522849367953,3000,False
MIROC6,abrupt-4xCO2,tas,True,292.2222595621745,292.01267439778644,1.1575595397949214,5-95%,0.7803333333333333,0.49315140272516134,-0.20958516438801997,0.8988550652480283,3000,False
MIROC6,abrupt-4xCO2,tasmax,True,294.43188716634114,294.2384618733724,1.0979555969238273,5-95%,0.751,0.48951900975166374,-0.19342529296874894,0.9191680760872284,3000,False
MIROC6,abrupt-4xCO2,tasmin,True,290.4315475769043,290.0908409220378,1.2180864257812498,5-95%,0.6956666666666667,0.5619997084508362,-0.34070665486653484,0.8471964091054018,3000,False
MIROC6,abrupt-4xCO2,ts,True,292.784629486084,292.4310100504557,1.0976044616699219,5-95%,0.6356666666666667,0.5621039208431307,-0.3536194356282537,0.8682781666633888,3000,False
MIROC6,hist-GHG,hurs,False,76.30797070508812,76.38232506646051,0.8160211700677407,5-95%,0.949317738791423,0.20992027555049253,0.07435436137238441,0.9597942936241787,2052,False
MIROC6,hist-GHG,huss,False,0.010278583961297468,0.01027978771161029,0.00046109143040028606,5-95%,0.9381091617933723,0.0001218338433536475,1.2037503128222034e-06,0.9489936144688387,2052,False
MIROC6,hist-GHG,pr,False,3.689052822200464e-05,3.677876772065479e-05,3.24779491961857e-06,5-95%,1.0,4.6081221619673065e-07,-1.1176050134984874e-07,0.7540307649601092,2052,False
MIROC6,hist-GHG,psl,False,100849.1665562561,100847.65311662403,48.17681682504873,5-95%,1.0,5.809263817487906,-1.5134396320662769,0.8221895121285379,2052,False
MIROC6,hist-GHG,rsds,False,182.12217454371165,182.2671197738796,2.7573929948416365,5-95%,0.9312865497076024,0.7700042429487957,0.14494523016797714,0.9785942426746097,2052,False
MIROC6,hist-GHG,sfcWind,False,5.837432898740787,5.836795221760027,0.23598988897386816,5-95%,0.895224171539961,0.07213811349600922,-0.0006376769807603442,0.45558706302397467,2052,False
MIROC6,hist-GHG,tas,False,288.76046076248497,288.7728802121406,0.7227569044682013,5-95%,0.9576023391812866,0.17621785666256204,0.012419449655633916,0.9897782507946733,2052,False
MIROC6,hist-GHG,tasmax,False,290.96349861189634,290.9203966226262,0.7435429742229385,5-95%,0.9400584795321637,0.19246047001749408,-0.043101989270184826,0.9894432007484201,2052,False
MIROC6,hist-GHG,tasmin,False,286.929562499881,286.85840691460504,0.800909417879279,5-95%,0.9483430799220273,0.18808964533848632,-0.07115558527598709,0.987233846065366,2052,False
MIROC6,hist-GHG,ts,False,289.3393096626386,289.29219870167634,0.6691300539013005,5-95%,0.9210526315789473,0.18905128585755712,-0.047110960962245756,0.9882586567063923,2052,False
MIROC6,hist-aer,hurs,False,76.29812170329846,76.38133972197713,0.8330887205187107,5-95%,0.9522417153996101,0.2039608373087388,0.08321801867866144,0.9619297853521734,2052,False
MIROC6,hist-aer,huss,False,0.009946712356725148,0.009933330254360518,0.0004291554203086303,5-95%,0.9342105263157895,0.00011947804131801906,-1.3382102364627515e-05,0.9337858835322836,2052,False
MIROC6,hist-aer,pr,False,3.652133232358839e-05,3.655278334357732e-05,3.041583967907309e-06,5-95%,0.9975633528265108,4.966034050013926e-07,3.145101998892264e-08,0.6901454478192359,2052,False
MIROC6,hist-aer,psl,False,100843.40549616228,100844.9679542824,48.408347800925924,5-95%,0.9995126705653021,5.809808346726862,1.5624581201267056,0.835189363865784,2052,False
MIROC6,hist-aer,rsds,False,181.8654097172252,182.0191776431792,2.7205115721704436,5-95%,0.9205653021442495,0.7722708368059237,0.15376792595400557,0.9791540248341525,2052,False
MIROC6,hist-aer,sfcWind,False,5.8410638956530985,5.85405495222549,0.2329833586545948,5-95%,0.8776803118908382,0.07610874349547919,0.012991056572391744,0.3663016368127632,2052,False
MIROC6,hist-aer,tas,False,288.2012020505195,288.10853088854816,0.6880267107928243,5-95%,0.9083820662768031,0.20624874400173285,-0.09267116197136115,0.9853547925123508,2052,False
MIROC6,hist-aer,tasmax,False,290.3931486341688,290.21728282132807,0.7103624994527059,5-95%,0.8299220272904484,0.2623528469892733,-0.1758658128407486,0.9794859894209456,2052,False
MIROC6,hist-aer,tasmin,False,286.37102904143154,286.1957071315475,0.7727221215677539,5-95%,0.8689083820662769,0.24834287388133602,-0.17532190988402885,0.9766945587869869,2052,False
MIROC6,hist-aer,ts,False,288.78249903450234,288.66000810887147,0.636519076996147,5-95%,0.8703703703703703,0.215201952656982,-0.12249092563086127,0.9841087481563698,2052,False
MIROC6,hist-nat,hurs,False,76.26123824686567,76.36134999072576,0.8310079147011681,5-95%,0.9507797270955166,0.21184383682480834,0.10011174386007744,0.959099908307236,2052,False
MIROC6,hist-nat,huss,False,0.010053360900527534,0.010064036556797282,0.0004374408208516367,5-95%,0.9610136452241715,0.00010423658910798663,1.067565626974796e-05,0.9507499236701442,2052,False
MIROC6,hist-nat,pr,False,3.672484093783734e-05,3.662535626587667e-05,3.130728123013677e-06,5-95%,0.9985380116959064,4.6994493689623063e-07,-9.948467196067015e-08,0.7273184581506118,2052,False
MIROC6,hist-nat,psl,False,100845.32653356482,100846.32220090156,48.008029513888886,5-95%,1.0,5.353590585573071,0.9956673367446394,0.854271712741678,2052,False
MIROC6,hist-nat,rsds,False,182.49449542158993,182.5460437083105,2.661958571763066,5-95%,0.9239766081871345,0.742505884556458,0.051548286720559944,0.9803059376630882,2052,False
MIROC6,hist-nat,sfcWind,False,5.844517222157231,5.844453625744082,0.23411468618329737,5-95%,0.8786549707602339,0.07318938376103928,-6.359641314946468e-05,0.4420221011003621,2052,False
MIROC6,hist-nat,tas,False,288.38279727095517,288.3734308878581,0.687893040231329,5-95%,0.9634502923976608,0.16372271165883023,-0.009366383097092111,0.990910021791372,2052,False
MIROC6,hist-nat,tasmax,False,290.58739292970176,290.5015640258789,0.7110841093007582,5-95%,0.9230019493177388,0.19386673048833242,-0.08582890382287003,0.9889880336425632,2052,False
MIROC6,hist-nat,tasmin,False,286.54501568829573,286.4414887902332,0.770524484139902,5-95%,0.9361598440545809,0.19099248351903697,-0.1035268980624833,0.986389117297363,2052,False
MIROC6,hist-nat,ts,False,288.9641231663278,288.908351846141,0.6350938079417561,5-95%,0.9171539961013645,0.17418384503866202,-0.055771320186859215,0.9897468673620845,2052,False
MIROC6,historical,hurs,False,76.30801791181467,76.41850177495166,0.8226645768290818,5-95%,0.9358585858585858,0.22322528061491684,0.11048386313698509,0.9537742047663123,1980,False
MIROC6,historical,huss,False,0.010179806948460667,0.010143124524296936,0.000448280333005116,5-95%,0.9065656565656566,0.00013864383233175466,-3.668242416372753e-05,0.920759852306316,1980,False
MIROC6,historical,pr,False,3.667440182515279e-05,3.647386961301431e-05,3.1542679800733106e-06,5-95%,0.996969696969697,5.154845130082758e-07,-2.0053221213847706e-07,0.6711134299960216,1980,False
MIROC6,historical,psl,False,100847.44322916666,100844.69323705808,48.59691051136364,5-95%,0.998989898989899,7.03012732602133,-2.7499921085858587,0.7426330470737388,1980,False
MIROC6,historical,rsds,False,181.53230264837092,181.54308208889432,2.8432714982466254,5-95%,0.9393939393939394,0.7493939845051669,0.01077944052339846,0.9805662176563208,1980,False
MIROC6,historical,sfcWind,False,5.842077302691912,5.8428457038571135,0.23441686485752916,5-95%,0.8732323232323232,0.07555629524900338,0.0007684011652012185,0.4146542438914814,1980,False
MIROC6,historical,tas,False,288.58990453854955,288.51207167500195,0.7119700268061473,5-95%,0.906060606060606,0.20918320950925307,-0.07783286354758419,0.9849462405882925,1980,False
MIROC6,historical,tasmax,False,290.78721019089824,290.63489893132993,0.7309486003837201,5-95%,0.8449494949494949,0.25698888417953614,-0.15231125956833833,0.9803871330127354,1980,False
MIROC6,historical,tasmin,False,286.7615771361072,286.624105634593,0.7915576973346742,5-95%,0.8883838383838384,0.23285744227559282,-0.1374715015141637,0.9795031900928703,1980,False
MIROC6,historical,ts,False,289.17279239230686,289.0485874522816,0.6551028319079466,5-95%,0.841919191919192,0.2322867768770116,-0.12420494002525023,0.981493214270526,1980,False
MIROC6,ssp119,hurs,False,76.33767004530559,76.40517522383107,0.7946290748063908,5-95%,0.9321705426356589,0.21662289604522172,0.06750517852546632,0.9539470002352205,1032,False
MIROC6,ssp119,huss,False,0.010751794708726604,0.010777560360513059,0.0005247989072024026,5-95%,0.875968992248062,0.0001652503146942213,2.576565178645448e-05,0.904153397492715,1032,False
MIROC6,ssp119,pr,False,3.7182553759796363e-05,3.732505679851269e-05,3.6273528526497868e-06,5-95%,1.0,5.065549854881519e-07,1.4250303871632726e-07,0.692317998883308,1032,False
MIROC6,ssp119,psl,False,100857.11700581395,100855.46497244429,49.251226380813954,5-95%,0.999031007751938,7.017083769925271,-1.6520333696705427,0.6452913212707603,1032,False
MIROC6,ssp119,rsds,False,180.94249552349712,180.8687432015589,3.0442035882047906,5-95%,0.9060077519379846,0.8787351812161368,-0.07375232193821034,0.9733982244890583,1032,False
MIROC6,ssp119,sfcWind,False,5.835644360660583,5.824507012847782,0.2434099191843077,5-95%,0.873062015503876,0.07950937731804272,-0.011137347812800433,0.4327548666376114,1032,False
MIROC6,ssp119,tas,False,289.594831037891,289.66383385473443,0.8161876294039929,5-95%,0.9186046511627907,0.22737435010411808,0.06900281684343276,0.9806987037872935,1032,False
MIROC6,ssp119,tasmax,False,291.7957703050717,291.8450190817663,0.8206046348394357,5-95%,0.9098837209302325,0.23471607824379345,0.04924877669460167,0.9826196493512397,1032,False
MIROC6,ssp119,tasmin,False,287.78128140471705,287.7921905813291,0.8840678606846543,5-95%,0.9573643410852714,0.2120188993092384,0.010909176612086582,0.981227864901117,1032,False
MIROC6,ssp119,ts,False,290.1798860121143,290.1565397099931,0.7588373524274008,5-95%,0.9186046511627907,0.21897222039360126,-0.02334630212118404,0.9820970135986882,1032,False
MIROC6,ssp126,hurs,False,76.32767187162887,76.39873421839042,0.7989098230997721,5-95%,0.9108527131782945,0.22696897636958582,0.07106234676154084,0.9501723375726238,1032,False
MIROC6,ssp126,huss,False,0.010838643963585826,0.010858601685649444,0.0005368328429469764,5-95%,0.9166666666666666,0.00015541011739626955,1.9957722063616075e-05,0.9162918029649874,1032,False
MIROC6,ssp126,pr,False,3.720988997319951e-05,3.7488456161885863e-05,3.7396550023138193e-06,5-95%,0.998062015503876,5.331890599525347e-07,2.785661886863557e-07,0.6573383496032461,1032,False
MIROC6,ssp126,psl,False,100858.45648619186,100857.89959574855,50.09739886143411,5-95%,1.0,6.385734212624172,-0.5568904433139535,0.7067998236361213,1032,False
MIROC6,ssp126,rsds,False,180.79193180291227,180.5890244180842,3.0861434197241016,5-95%,0.9156976744186046,0.9004823898117177,-0.20290738482807907,0.9717102015912128,1032,False
MIROC6,ssp126,sfcWind,False,5.832781997761985,5.824382894260939,0.24502560334612233,5-95%,0.8895348837209303,0.07670023926988546,-0.00839910350104634,0.43062834943042616,1032,False
MIROC6,ssp126,tas,False,289.7405309159626,289.7980765113535,0.8315232151238497,5-95%,0.936046511627907,0.2125696457427298,0.0575455953908531,0.9831233649687046,1032,False
MIROC6,ssp126,tasmax,False,291.9436730673147,291.98670450846356,0.828492778216222,5-95%,0.9273255813953488,0.22029632184700446,0.04303144114886292,0.9847108443613981,1032,False
MIROC6,ssp126,tasmin,False,287.9266371320384,287.9280001913854,0.9008058947186142,5-95%,0.9573643410852714,0.20032539741061337,0.001363059346991555,0.9832063318659756,1032,False
MIROC6,ssp126,ts,False,290.32280692758485,290.2888780638229,0.7749176912529524,5-95%,0.935077519379845,0.20671517324594807,-0.03392886376195951,0.9840357046482714,1032,False
MIROC6,ssp370,hurs,False,76.45004161568575,76.48327965699426,0.8477484015531318,5-95%,0.9331395348837209,0.2271587088426943,0.033238041308499125,0.9445311685246786,1032,False
MIROC6,ssp370,huss,False,0.011224583978945156,0.01124264306818354,0.0005759473081476,5-95%,0.8788759689922481,0.00018903006772648265,1.8059089238384424e-05,0.9303230848611178,1032,False
MIROC6,ssp370,pr,False,3.711007715636267e-05,3.771010467041146e-05,4.124985677712415e-06,5-95%,0.9728682170542635,9.083183691711865e-07,6.000275140487887e-07,0.026430123197681343,1032,False
MIROC6,ssp370,psl,False,100865.65087512112,100856.86559017684,54.277729832848834,5-95%,0.9738372093023255,12.317999186821215,-8.785284944282946,0.18799998747766633,1032,False
MIROC6,ssp370,rsds,False,178.66938106034152,178.78860556432443,3.320662313653516,5-95%,0.9205426356589147,0.9610895073089134,0.11922450398289955,0.9678574877945645,1032,False
MIROC6,ssp370,sfcWind,False,5.812335778576459,5.807338410107664,0.2521036082459975,5-95%,0.872093023255814,0.08083825260957794,-0.004997368468794698,0.41628474539313554,1032,False
MIROC6,ssp370,tas,False,290.3241361869398,290.3640172500019,0.8974672361861821,5-95%,0.9505813953488372,0.23879164461410227,0.03988106306209264,0.9812471648233144,1032,False
MIROC6,ssp370,tasmax,False,292.5157379623531,292.55208892230837,0.8734241456024413,5-95%,0.9108527131782945,0.2574136536186631,0.03635095995526058,0.9812531904050464,1032,False
MIROC6,ssp370,tasmin,False,288.5300534270531,288.5083569371423,0.9681582783543791,5-95%,0.9593023255813954,0.22069688436843107,-0.021696489910745905,0.9824222864380944,1032,False
MIROC6,ssp370,ts,False,290.9008165108141,290.84398485523786,0.8361293585725542,5-95%,0.9186046511627907,0.23173285297350768,-0.05683165557624609,0.9822816430429188,1032,False
MIROC6,ssp434,hurs,False,76.38618010143901,76.44315150357032,0.8094129192736722,5-95%,0.9176356589147286,0.22881246608356023,0.05697140213130981,0.9490535545669476,1032,False
MIROC6,ssp434,huss,False,0.01091743116682145,0.010861182565504796,0.0005341997792467822,5-95%,0.8585271317829457,0.0001883298159493918,-5.624860131665445e-05,0.8878152235157444,1032,False
MIROC6,ssp434,pr,False,3.707664653529366e-05,3.743144841002307e-05,3.7565196356625573e-06,5-95%,0.9951550387596899,6.220625499327243e-07,3.548018747294058e-07,0.5551638943055166,1032,False
MIROC6,ssp434,psl,False,100859.83103197675,100857.8743716691,51.09362130571706,5-95%,0.999031007751938,7.327255374221621,-1.9566603076550388,0.6264399808568031,1032,False
MIROC6,ssp434,rsds,False,179.87235035267912,180.06035155658574,3.1317639757496436,5-95%,0.9079457364341085,0.9401288693623665,0.18800120390662933,0.9693069939265945,1032,False
MIROC6,ssp434,sfcWind,False,5.833018364370331,5.824472823808359,0.24484222711518752,5-95%,0.8517441860465116,0.08291732461004339,-0.008545540561971734,0.4187005754951527,1032,False
MIROC6,ssp434,tas,False,289.8517431806224,289.7869948749394,0.8286312605983527,5-95%,0.9176356589147286,0.23738435049251638,-0.06474830568298724,0.9792484424834398,1032,False
MIROC6,ssp434,tasmax,False,292.05158381499064,291.97542891391487,0.8244391744450998,5-95%,0.9031007751937985,0.2504459800562936,-0.0761549010757317,0.9804922351502497,1032,False
MIROC6,ssp434,tasmin,False,288.0444310210472,287.9257459418718,0.8956096856168998,5-95%,0.8982558139534884,0.25472262337785423,-0.11868507917537102,0.9732923664933105,1032,False
MIROC6,ssp434,ts,False,290.4354049327762,290.27940717593646,0.7733838872392049,5-95%,0.8226744186046512,0.2775429423471769,-0.15599775683972175,0.9716596304080454,1032,False
MIROC6,ssp460,hurs,False,76.44069268721942,76.46137098563734,0.8321629309839056,5-95%,0.9195736434108527,0.23210097783349765,0.020678298417911974,0.9453872595990821,1032,False
MIROC6,ssp460,huss,False,0.011142520375672477,0.011084005255576953,0.0005614456662893756,5-95%,0.8556201550387597,0.00019713422400384505,-5.851512009552333e-05,0.909472394741261,1032,False
MIROC6,ssp460,pr,False,3.720759142627565e-05,3.7683658133186e-05,3.982485254674648e-06,5-95%,0.9903100775193798,7.405484086556454e-07,4.760667069103523e-07,0.38977964578840407,1032,False
MIROC6,ssp460,psl,False,100863.7742248062,100859.1585816376,52.90572008236434,5-95%,0.997093023255814,8.81923253643961,-4.6156431686046515,0.5153715394778744,1032,False
MIROC6,ssp460,rsds,False,179.29976760509402,179.3281518359517,3.233194292053696,5-95%,0.9137596899224806,0.9343234639371275,0.028384230857672024,0.9699325743997484,1032,False
MIROC6,ssp460,sfcWind,False,5.8189641934956695,5.81631061042002,0.2499327442442724,5-95%,0.876937984496124,0.08064693692568892,-0.0026535830756490297,0.4419949053868988,1032,False
MIROC6,ssp460,tas,False,290.2111725622369,290.12934035663454,0.8685927280159886,5-95%,0.9050387596899225,0.2500774875824659,-0.08183220560236351,0.9782968089715124,1032,False
MIROC6,ssp460,tasmax,False,292.40223622876545,292.32095404928043,0.8528933857762525,5-95%,0.8856589147286822,0.2592743821116896,-0.08128217948499472,0.9801493403559376,1032,False
MIROC6,ssp460,tasmin,False,288.4156029279842,288.2726242893426,0.9428749084472658,5-95%,0.8846899224806202,0.27121792091908287,-0.14297863864159224,0.9716860944484533,1032,False
MIROC6,ssp460,ts,False,290.7897828863573,290.61368229592495,0.8141404676807021,5-95%,0.811046511627907,0.2927897190370512,-0.1761005904323363,0.9702014230446031,1032,False
MIROC6,ssp585,hurs,True,76.41872003836225,76.4345224513564,0.8810143729513006,5-95%,0.9428294573643411,0.2293096614726275,0.015802412994148196,0.9442099313290646,1032,False
MIROC6,ssp585,huss,True,0.0114756896297714,0.011552472333532036,0.0006114323894211736,5-95%,0.7684108527131783,0.00026101169883894544,7.678270376063608e-05,0.9054637358128791,1032,False
MIROC6,ssp585,pr,True,3.744240069680427e-05,3.830911298636654e-05,4.299030154844198e-06,5-95%,0.9031007751937985,1.1982604707322034e-06,8.66712289562272e-07,-0.46704421018796705,1032,False
MIROC6,ssp585,psl,True,100870.10088874758,100862.62864886143,54.714783187984494,5-95%,0.9515503875968992,13.535556768298246,-7.472239886143411,0.24438184817634845,1032,False
MIROC6,ssp585,rsds,True,179.18889696283858,178.9799557767173,3.418376922607422,5-95%,0.9060077519379846,0.9811758836400243,-0.2089411861212659,0.9664853386740577,1032,False
MIROC6,ssp585,sfcWind,True,5.814971559731535,5.79470107444497,0.2579550313395123,5-95%,0.8691860465116279,0.0857927596728673,-0.020270485286564777,0.3597445685793965,1032,False
MIROC6,ssp585,tas,True,290.7228272608084,290.84757948291394,0.9500473081603524,5-95%,0.8401162790697675,0.3461438691093463,0.12475222210551505,0.965523644442548,1032,False
MIROC6,ssp585,tasmax,True,292.92015936208327,293.0539408839026,0.9173093100850901,5-95%,0.7936046511627907,0.3704552596504926,0.13378152181936004,0.9656572140582415,1032,False
MIROC6,ssp585,tasmin,True,288.9284729181334,288.9627817434858,1.0194740295410165,5-95%,0.9253875968992248,0.2846436439766836,0.034308825352396606,0.9746465778687083,1032,False
MIROC6,ssp585,ts,True,291.2984912783601,291.3090223268021,0.8955465804698856,5-95%,0.8662790697674418,0.29583832045878905,0.010531048442043252,0.974698520179591,1032,False
UKESM1-0-LL,abrupt-4xCO2,hurs,True,74.3786206902398,74.63862338172065,0.9448132027520074,5-95%,0.71,0.4244245730421934,0.26000269148084854,0.8704561602945217,1800,False
UKESM1-0-LL,abrupt-4xCO2,huss,True,0.013203895670465246,0.012909053567176015,0.0009242641315278091,5-95%,0.30777777777777776,0.0007999487005109971,-0.00029484210328923146,0.32120839431611836,1800,False
UKESM1-0-LL,abrupt-4xCO2,pr,True,3.995903604138423e-05,3.939088382847129e-05,3.990574308166591e-06,5-95%,0.8733333333333333,1.4135123551478993e-06,-5.681522129129411e-07,-0.15047549797418736,1800,False
UKESM1-0-LL,abrupt-4xCO2,psl,True,101229.18669270833,101245.8658984375,48.38294704861111,5-95%,0.74,21.41656195747319,16.679205729166668,-0.5000155991774491,1800,False
UKESM1-0-LL,abrupt-4xCO2,rsds,True,196.03814448038736,196.46727754380967,3.167406777275933,5-95%,0.8816666666666667,1.0423912233903767,0.4291330634223103,0.9206147796214854,1800,False
UKESM1-0-LL,abrupt-4xCO2,sfcWind,True,6.178021664354536,6.210058670838674,0.2605345198843214,5-95%,0.8277777777777777,0.09268210066967626,0.032037006484137646,0.41910857198900264,1800,False
UKESM1-0-LL,abrupt-4xCO2,tas,True,293.17063198513455,292.58867938571507,1.4019368150499127,5-95%,0.26944444444444443,1.2920469826943826,-0.5819525994194866,0.529157004409637,1800,False
UKESM1-0-LL,abrupt-4xCO2,tasmax,True,295.0457405090332,294.42347986857095,1.2946467929416232,5-95%,0.2427777777777778,1.2721372060049776,-0.6222606404622378,0.5515300300697552,1800,False
UKESM1-0-LL,abrupt-4xCO2,tasmin,True,291.2633844502767,290.5060904947917,1.4256629435221355,5-95%,0.2388888888888889,1.416815379340798,-0.7572939554850248,0.416535561378479,1800,False
UKESM1-0-LL,abrupt-4xCO2,ts,True,294.11881476508245,293.47743357340494,1.3790212843153222,5-95%,0.25666666666666665,1.302505390827055,-0.6413811916775156,0.5187959841721062,1800,False
UKESM1-0-LL,historical,hurs,False,75.59373180505001,75.67593555643101,0.7798842882869219,5-95%,0.9151515151515152,0.22899306330404,0.08220375138099748,0.9564933059348895,1980,False
UKESM1-0-LL,historical,huss,False,0.009439041959403992,0.009400862442197778,0.0005035408824268321,5-95%,0.9762626262626263,0.00011496749301487575,-3.817951720621683e-05,0.9059419371854615,1980,False
UKESM1-0-LL,historical,pr,False,3.554332971279192e-05,3.594933580579248e-05,2.5207950885588715e-06,5-95%,0.9606060606060606,5.946184645879998e-07,4.060060930005603e-07,0.28562138650129676,1980,False
UKESM1-0-LL,historical,psl,False,101192.07947048612,101186.84861111111,42.33470643939394,5-95%,0.9949494949494949,7.809879364363566,-5.230859375,0.8549455754447964,1980,False
UKESM1-0-LL,historical,rsds,False,193.2885691247805,193.19069622309522,2.596510276409111,5-95%,0.945959595959596,0.6843967968015029,-0.0978729016853081,0.983714968169186,1980,False
UKESM1-0-LL,historical,sfcWind,False,6.284005815091759,6.273982429022741,0.2270310351342866,5-95%,0.8388888888888889,0.07970586546001983,-0.010023386069018416,0.47398317741421603,1980,False
UKESM1-0-LL,historical,tas,False,286.5588251903804,286.60811326768663,0.8274650342536689,5-95%,0.9681818181818181,0.20104333574093244,0.04928807730626639,0.9831725074108635,1980,False
UKESM1-0-LL,historical,tasmax,False,288.59793271151455,288.6972397312974,0.8235393948025173,5-95%,0.9484848484848485,0.21436101256829834,0.09930701978279093,0.9802581587583951,1980,False
UKESM1-0-LL,historical,tasmin,False,284.44358676178285,284.5696223403468,0.8965549661655622,5-95%,0.9424242424242424,0.2566990349391213,0.12603557856396175,0.9723854147722137,1980,False
UKESM1-0-LL,historical,ts,False,287.63733050413805,287.74935563212694,0.7675419046421246,5-95%,0.9121212121212121,0.2332623620278183,0.112025127988874,0.9783656826782802,1980,False
UKESM1-0-LL,ssp119,hurs,False,75.29777281413706,75.45882224297338,0.7483089801877044,5-95%,0.8187984496124031,0.2732394503553488,0.16104942883631979,0.9365584539993559,1032,False
UKESM1-0-LL,ssp119,huss,False,0.010438915232896698,0.010569179722995904,0.0006428607468774844,5-95%,0.9108527131782945,0.00018251220465445746,0.00013026449009920454,0.8406507054656616,1032,False
UKESM1-0-LL,ssp119,pr,False,3.702411821757059e-05,3.7278708490237816e-05,2.903283600534797e-06,5-95%,0.9670542635658915,6.185349685596612e-07,2.545902726672276e-07,0.2723631856862889,1032,False
UKESM1-0-LL,ssp119,psl,False,101198.2593719719,101200.23756207607,43.453458091085274,5-95%,1.0,6.134149680212885,1.9781901041666667,0.8901203206599704,1032,False
UKESM1-0-LL,ssp119,rsds,False,194.67775535583496,194.62930331858553,2.639519565789274,5-95%,0.9777131782945736,0.5858134112396829,-0.04845203724942298,0.9846565882706644,1032,False
UKESM1-0-LL,ssp119,sfcWind,False,6.277428155259568,6.266608162905818,0.23547208909840547,5-95%,0.8817829457364341,0.07457964875225033,-0.010819992353749806,0.5080774422472136,1032,False
UKESM1-0-LL,ssp119,tas,False,288.56834414578225,288.74469348996183,1.0147979204044792,5-95%,0.9215116279069767,0.28062510140232466,0.17634934417961268,0.9651416828765593,1032,False
UKESM1-0-LL,ssp119,tasmax,False,290.5592120858126,290.781503012014,0.9943394919698559,5-95%,0.8808139534883721,0.3125109696062794,0.2222909262014006,0.9573694980692863,1032,False
UKESM1-0-LL,ssp119,tasmin,False,286.52353029472886,286.7214741374171,1.060938014540563,5-95%,0.9224806201550387,0.30225941331173006,0.19794384268827403,0.9576233899956521,1032,False
UKESM1-0-LL,ssp119,ts,False,289.61896727805913,289.75846525680186,0.9595293739969412,5-95%,0.9302325581395349,0.25942289194158885,0.13949797874273365,0.9711548141987673,1032,False
UKESM1-0-LL,ssp126,hurs,False,75.25793159100436,75.42162685985713,0.7564742361852365,5-95%,0.8343023255813954,0.2710723210568909,0.16369526885276617,0.936596481573887,1032,False
UKESM1-0-LL,ssp126,huss,False,0.010577243718484642,0.01071545979018903,0.0006628645558718797,5-95%,0.9418604651162791,0.00017810649091461718,0.00013821607170438834,0.8670395116960472,1032,False
UKESM1-0-LL,ssp126,pr,False,3.711655721798347e-05,3.745032569169371e-05,2.9895738174842376e-06,5-95%,0.9660852713178295,6.347330259060367e-07,3.3376847371024017e-07,0.28014188495451653,1032,False
UKESM1-0-LL,ssp126,psl,False,101199.47634296269,101203.57816285126,44.258402979651166,5-95%,1.0,6.786375948971054,4.101819888565892,0.8550913550369795,1032,False
UKESM1-0-LL,ssp126,rsds,False,194.55344266669695,194.54144918456558,2.6869631774665774,5-95%,0.9689922480620154,0.6110453323700903,-0.011993482131365122,0.9829357327687376,1032,False
UKESM1-0-LL,ssp126,sfcWind,False,6.272304135237554,6.266044979409654,0.23784280932226845,5-95%,0.874031007751938,0.07747373554085225,-0.0062591558278992975,0.4827569513179496,1032,False
UKESM1-0-LL,ssp126,tas,False,288.8108016317205,288.99485406210255,1.0377558035443923,5-95%,0.9622093023255814,0.2644134946187044,0.18405243038207106,0.9695647804573396,1032,False
UKESM1-0-LL,ssp126,tasmax,False,290.7979376149732,291.02459758196693,1.0117800217266237,5-95%,0.9156976744186046,0.29603544331536974,0.2266599669937028,0.9624982402728129,1032,False
UKESM1-0-LL,ssp126,tasmin,False,286.7724449098572,286.97529344780503,1.0844880924668427,5-95%,0.9534883720930233,0.28100424879290087,0.20284853794778168,0.9639348886386414,1032,False
UKESM1-0-LL,ssp126,ts,False,289.8531325584234,290.00086218072465,0.9839275271393525,5-95%,0.9583333333333334,0.2376996657635194,0.1477296223012063,0.9760646493525211,1032,False
UKESM1-0-LL,ssp370,hurs,False,75.24604551921519,75.36069389461547,0.8151924443799395,5-95%,0.8546511627906976,0.26923256995213685,0.11464837540027707,0.9395465461104148,1032,False
UKESM1-0-LL,ssp370,huss,False,0.011343597740389707,0.01128827885258938,0.0006910428439100933,5-95%,0.9961240310077519,0.00012668126251926603,-5.5318887800326515e-05,0.9841135391518858,1032,False
UKESM1-0-LL,ssp370,pr,False,3.754302310493261e-05,3.7609874751549006e-05,3.367804515443096e-06,5-95%,0.9922480620155039,6.028613710420918e-07,6.685164661639435e-08,0.7162528289151008,1032,False
UKESM1-0-LL,ssp370,psl,False,101207.9201565528,101210.56471808381,48.02977380087209,5-95%,0.998062015503876,7.766135198419241,2.644561531007752,0.8396332578409718,1032,False
UKESM1-0-LL,ssp370,rsds,False,193.06675879899845,192.9344661771789,2.9392915474351975,5-95%,0.9505813953488372,0.690233509927263,-0.1322926218195444,0.979182175360789,1032,False
UKESM1-0-LL,ssp370,sfcWind,False,6.252111667348433,6.248298920864283,0.24509985271350357,5-95%,0.8905038759689923,0.07629570978782185,-0.0038127464841502495,0.530387639242753,1032,False
UKESM1-0-LL,ssp370,tas,False,290.02874409875204,289.89236550737724,1.0636910135431803,5-95%,0.9922480620155039,0.21965129384738688,-0.1363785913748323,0.9886962045988529,1032,False
UKESM1-0-LL,ssp370,tasmax,False,291.99152773480085,291.87176419043726,1.0203204487645345,5-95%,0.9922480620155039,0.22191510897361189,-0.11976354436356754,0.9885107397568552,1032,False
UKESM1-0-LL,ssp370,tasmin,False,288.0370348849038,287.8939674436584,1.103247235911762,5-95%,0.9825581395348837,0.2512356091685664,-0.1430674412453812,0.9851014971965378,1032,False
UKESM1-0-LL,ssp370,ts,False,291.0246693810751,290.8994972169861,1.02447764078776,5-95%,0.9922480620155039,0.21864004895598999,-0.1251721640889949,0.9887046455410691,1032,False
UKESM1-0-LL,ssp434,hurs,False,75.36526818238488,75.46282927195232,0.7628664785577345,5-95%,0.8556201550387597,0.2521736213406526,0.09756108956743581,0.9438593067859657,1032,False
UKESM1-0-LL,ssp434,huss,False,0.01086851498996473,0.010715695564606172,0.0006513636236172894,5-95%,0.9186046511627907,0.0002100601433910662,-0.0001528194253585591,0.8887171972122379,1032,False
UKESM1-0-LL,ssp434,pr,False,3.719330213293018e-05,3.736963569894595e-05,3.026857051059609e-06,5-95%,0.9844961240310077,5.970835322923584e-07,1.7633356601577412e-07,0.5702740989350126,1032,False
UKESM1-0-LL,ssp434,psl,False,101203.04848746366,101204.13542423691,45.263119246608525,5-95%,1.0,5.491938429833038,1.086936773255814,0.90676567093752,1032,False
UKESM1-0-LL,ssp434,rsds,False,193.66547701340312,193.8321173024732,2.7334440955820005,5-95%,0.9224806201550387,0.7647273360837161,0.16664028907007125,0.9748320681119518,1032,False
UKESM1-0-LL,ssp434,sfcWind,False,6.258170926293661,6.265557733617087,0.23687098793281142,5-95%,0.874031007751938,0.07751297735970752,0.007386807323426247,0.4993202726799293,1032,False
UKESM1-0-LL,ssp434,tas,False,289.23788120949916,288.9759126411852,1.0179295502891836,5-95%,0.8837209302325582,0.3548644190622393,-0.26196856831395254,0.9537099032146442,1032,False
UKESM1-0-LL,ssp434,tasmax,False,291.2175452949465,291.01083660865015,0.9895757926526918,5-95%,0.8963178294573644,0.3202892595070466,-0.2067086862963284,0.9627683613820481,1032,False
UKESM1-0-LL,ssp434,tasmin,False,287.217097940371,286.96595279190893,1.0610079802283945,5-95%,0.8585271317829457,0.36833774860756546,-0.2511451484621024,0.9484247300399589,1032,False
UKESM1-0-LL,ssp434,ts,False,290.2678894220397,289.9919202937636,0.9678639848102897,5-95%,0.814922480620155,0.3795980868318908,-0.2759691282760247,0.9480799956294634,1032,False
UKESM1-0-LL,ssp585,hurs,True,75.1099391094474,75.15969476773758,0.8601696398831153,5-95%,0.875968992248062,0.2787168011332315,0.0497556582901829,0.9404241715875856,1032,False
UKESM1-0-LL,ssp585,huss,True,0.011623647094653624,0.011782178272630306,0.000736647876622083,5-95%,0.935077519379845,0.0002216168331963258,0.0001585311779766826,0.9676964791720408,1032,False
UKESM1-0-LL,ssp585,pr,True,3.7953882803085713e-05,3.8222721110470545e-05,3.558061683905589e-06,5-95%,0.9835271317829457,6.884271717960764e-07,2.688383073848311e-07,0.7480671215997663,1032,False
UKESM1-0-LL,ssp585,psl,True,101211.60177446705,101223.01435319768,47.98126362645349,5-95%,0.873062015503876,16.229009059621262,11.412578730620154,0.3823131980200407,1032,False
UKESM1-0-LL,ssp585,rsds,True,194.03190666021302,193.8829598833424,3.0328202802081417,5-95%,0.9602713178294574,0.6925760080828716,-0.14894677687060745,0.9775488191495957,1032,False
UKESM1-0-LL,ssp585,sfcWind,True,6.248855888381485,6.237777332464854,0.24907625091168306,5-95%,0.9001937984496124,0.07525368380066563,-0.011078555916630935,0.554678073835353,1032,False
UKESM1-0-LL,ssp585,tas,True,290.48407502876694,290.6904806092728,1.132008781728819,5-95%,0.9631782945736435,0.2996116441728784,0.20640558050584457,0.98392921212356,1032,False
UKESM1-0-LL,ssp585,tasmax,True,292.4388709253119,292.6320290972096,1.0702538305474798,5-95%,0.9767441860465116,0.26095365762241296,0.19315817189771273,0.9877916585345088,1032,False
UKESM1-0-LL,ssp585,tasmin,True,288.499586386274,288.6566584091778,1.1687397624171056,5-95%,0.9941860465116279,0.2354452686665266,0.15707202290379796,0.9900948652133542,1032,False
UKESM1-0-LL,ssp585,ts,True,291.47732863315315,291.6677910856498,1.103320691012598,5-95%,0.9709302325581395,0.28035555747905194,0.19046245249667057,0.9857236492239869,1032,False
